disk_usage_percent,temperature,read_error_rate,write_error_rate,reallocated_sector_count,pending_sector_count,power_on_hours,label
39,51,30,46,132,126,3659,1
78,64,27,32,35,119,44281,1
62,53,31,44,88,62,16953,1
33,27,43,29,43,78,23446,1
37,54,28,19,86,122,36641,1
21,48,23,19,135,182,30979,1
28,50,19,17,101,6,39943,0
56,40,8,6,95,199,9539,1
61,44,47,10,85,171,3020,1
48,33,41,26,115,85,931,1
83,53,36,21,32,40,9097,0
83,38,13,6,135,177,284,1
89,68,43,11,40,163,26004,1
67,57,4,4,70,131,11703,1
57,29,40,49,178,134,45294,1
34,35,9,36,117,185,49867,1
45,69,39,29,108,30,20553,0
97,64,0,48,186,190,20559,1
79,41,38,45,11,101,32049,1
73,63,13,21,179,27,32569,0
53,53,21,17,193,111,27222,1
31,68,14,4,151,102,45957,0
11,46,46,10,75,6,16198,0
46,30,6,41,167,134,13650,1
84,26,18,22,12,198,22995,1
95,39,21,1,140,154,21054,1
55,46,2,28,137,31,21486,0
31,50,1,5,167,74,13184,0
41,56,28,38,73,1,20485,0
34,44,18,3,180,95,30569,0
28,29,47,13,175,91,16073,1
74,39,32,9,109,147,20387,1
79,28,0,0,73,119,48844,0
23,57,24,12,151,178,15875,1
73,38,46,28,150,168,49935,1
62,38,13,31,118,86,41261,1
31,58,37,5,83,198,19518,1
55,29,0,15,55,68,20011,0
15,62,21,47,192,26,30740,0
65,35,39,46,112,158,35911,1
81,42,4,49,114,167,27953,1
41,35,18,45,102,46,4132,0
15,65,40,15,55,33,42485,0
90,64,15,3,90,42,13717,0
28,41,36,6,196,187,8189,1
40,65,4,6,176,191,11208,1
54,68,15,47,116,7,17320,0
26,66,34,33,72,123,12019,1
67,32,6,21,162,6,17929,0
40,26,6,0,162,64,24502,0
44,58,45,0,42,45,27761,0
63,52,35,47,105,122,9152,1
94,50,41,5,104,79,38221,1
89,34,47,25,118,36,17315,0
62,66,35,19,86,88,15198,1
96,61,39,0,82,199,31375,1
60,29,44,33,72,51,27925,1
40,66,33,4,102,78,17206,0
27,30,16,16,139,44,11932,0
35,50,3,27,58,60,19170,0
12,29,5,42,150,170,19116,1
25,43,0,19,192,95,4497,0
53,51,2,2,198,11,42236,0
50,62,39,4,173,179,34061,1
39,33,38,14,93,20,1403,0
69,29,32,23,22,123,47720,1
87,27,0,36,39,168,2167,1
43,67,19,28,176,199,30238,1
87,35,24,38,169,54,49221,0
57,62,6,29,124,69,12392,0
19,69,39,42,21,19,1043,0
46,34,5,49,38,53,25896,0
39,60,35,22,43,36,32095,0
28,45,23,41,121,101,13950,1
47,34,26,39,68,34,5375,0
68,44,22,17,77,47,28704,0
81,45,40,37,108,83,31674,1
94,66,30,4,167,90,17994,1
58,43,42,12,81,42,23491,0
27,43,8,32,160,48,9080,0
36,28,43,13,71,165,36727,1
94,41,43,34,69,37,6012,0
24,44,46,39,118,99,4637,1
53,66,44,20,174,54,8452,0
18,65,32,38,8,23,37543,0
51,45,42,23,69,124,21977,1
44,38,48,16,44,32,35490,0
44,47,21,36,60,32,40980,0
36,40,49,24,185,170,26607,1
90,65,8,7,183,138,14706,1
54,45,22,40,163,124,49201,1
56,30,23,19,135,113,17537,1
87,28,10,15,48,9,6594,0
44,51,16,23,25,148,36562,1
67,31,11,19,5,24,7092,0
90,49,42,46,58,59,20089,1
29,53,44,25,89,5,39753,0
98,63,22,18,192,164,2050,1
31,47,16,14,59,119,28598,1
18,36,7,6,130,29,3641,0
79,40,26,10,101,29,44071,0
85,31,33,46,4,89,42250,1
82,28,5,2,175,42,17327,0
81,58,29,8,78,54,30151,0
78,34,11,9,173,9,10329,0
53,67,36,33,71,129,5680,1
90,61,1,44,50,69,40563,0
59,50,6,30,26,48,32486,0
63,63,5,9,66,135,24926,1
55,67,36,40,181,155,11800,1
74,59,47,48,83,97,13408,1
51,31,14,43,18,198,20740,1
81,30,42,5,114,115,49382,1
23,30,48,37,130,97,26210,1
13,59,35,31,108,4,49384,0
99,46,24,1,86,54,15172,0
29,52,23,11,50,196,29064,1
85,30,42,28,83,154,2283,1
10,54,26,10,99,93,21996,1
22,40,43,10,128,96,4256,1
29,37,10,1,57,159,46652,1
32,30,22,25,49,88,13594,1
34,34,2,39,145,197,24644,1
10,37,48,47,116,120,44038,1
85,43,7,31,113,61,8330,0
97,58,44,47,146,132,20510,1
48,68,35,24,65,68,13110,1
96,39,26,25,149,83,32252,1
92,66,0,34,93,6,25796,0
95,68,41,25,168,192,38524,1
69,34,22,3,170,48,6189,0
25,39,10,0,24,76,1275,0
10,44,20,38,5,4,20998,0
99,57,2,47,172,41,18529,0
45,66,5,33,94,25,38158,0
39,50,9,42,147,143,14662,1
34,41,1,2,129,193,7456,1
93,39,21,33,170,23,29570,0
93,69,35,18,149,51,20837,0
50,58,23,24,140,160,41857,1
41,33,18,26,106,74,17688,0
73,51,42,19,113,176,9085,1
25,26,14,29,40,195,43766,1
37,39,7,20,163,56,9041,0
46,54,11,48,29,45,36593,0
43,64,29,4,148,189,38299,1
35,44,16,6,134,30,48159,0
27,28,34,0,196,127,28165,1
86,66,40,47,189,151,38180,1
92,67,14,37,187,178,31375,1
72,29,25,37,125,105,25691,1
45,49,6,9,110,123,32042,1
97,53,7,44,148,195,32856,1
79,40,29,35,70,178,7653,1
77,39,48,40,0,57,31124,1
74,68,48,39,176,99,33006,1
23,40,7,31,104,129,35765,1
14,56,7,44,185,157,8502,1
64,60,2,21,141,161,1805,1
26,59,46,1,108,80,38146,1
80,47,31,32,62,132,32305,1
73,53,13,17,111,79,1624,0
31,54,9,19,26,172,47746,1
86,43,40,46,78,16,21110,0
44,48,47,9,66,78,43331,1
81,37,49,13,150,141,8531,1
72,57,28,9,180,155,29721,1
55,38,2,7,59,141,25081,1
33,32,46,33,108,27,36951,0
78,31,11,34,46,53,43923,0
93,65,23,30,69,95,17872,1
17,69,9,21,24,182,16770,1
92,47,22,18,96,5,29566,0
80,53,41,35,125,29,1822,0
99,61,45,26,11,121,17561,1
29,57,42,33,40,78,19149,1
17,47,44,8,149,156,27553,1
92,66,32,2,185,85,43332,0
91,39,14,15,75,99,11410,1
18,53,38,22,61,72,34033,1
68,41,29,19,104,84,22981,1
77,46,39,2,162,19,43794,0
67,37,33,35,44,185,8487,1
53,38,45,47,55,162,22373,1
48,43,19,30,58,32,7585,0
37,41,25,19,75,40,30203,0
32,28,46,17,89,166,39631,1
54,57,22,28,62,182,32983,1
60,49,20,23,91,44,2027,0
36,39,26,13,26,7,43354,0
33,26,48,28,0,64,45309,1
33,25,31,31,148,124,6069,1
86,60,39,15,22,97,2098,1
10,58,49,14,61,144,36039,1
47,64,6,5,6,160,45833,1
48,30,43,39,110,131,24499,1
30,61,26,44,199,36,23665,0
97,63,31,17,59,13,40428,0
40,26,27,18,35,83,15285,1
22,35,47,9,36,154,5062,1
24,40,33,25,30,3,1913,0
92,61,6,30,190,100,19783,1
58,26,39,34,119,132,49218,1
66,38,23,45,114,153,23080,1
65,47,19,10,74,185,14952,1
59,62,29,25,176,194,45983,1
28,41,9,23,198,74,14120,0
61,27,9,20,98,48,21065,0
14,57,23,5,64,78,34110,0
93,42,8,46,76,182,34424,1
95,46,31,25,66,63,638,0
62,67,38,28,147,77,15974,1
81,39,36,39,106,69,21940,1
71,64,37,4,122,14,8497,0
68,45,9,21,186,103,22187,1
10,55,23,17,186,37,14310,0
92,42,48,23,162,112,24059,1
25,40,0,17,73,71,11037,0
69,33,2,49,96,178,36196,1
36,40,14,20,189,82,2462,0
11,62,31,28,159,78,37491,1
71,43,2,10,195,15,24241,0
90,43,10,2,121,126,6445,1
98,38,22,22,101,131,39615,1
78,30,12,18,139,190,44179,1
30,36,26,43,32,194,38953,1
35,35,18,29,140,118,3822,1
38,68,34,5,104,168,348,1
88,27,9,22,198,191,41756,1
61,51,36,15,71,132,2316,1
14,52,28,49,12,139,19534,1
19,66,12,5,50,7,15388,0
59,64,13,30,78,37,32768,0
16,51,15,5,177,133,36870,1
29,44,30,37,199,197,34882,1
51,55,13,35,92,67,48122,0
42,35,40,9,57,9,31205,0
34,44,17,21,82,180,13500,1
58,36,22,15,1,72,36327,0
99,38,15,23,148,60,1770,0
31,46,7,21,43,67,14370,0
90,61,13,9,43,180,2796,1
38,29,14,47,180,99,34003,1
43,36,45,29,71,142,18713,1
15,63,42,11,183,72,5452,1
96,62,7,41,11,17,18233,0
17,62,25,2,71,60,36814,0
57,40,8,12,82,185,13849,1
19,38,21,3,60,165,29793,1
51,67,31,39,92,170,4492,1
11,33,10,36,128,77,33840,1
98,62,11,45,144,152,49240,1
93,62,39,27,113,120,26772,1
56,62,25,28,90,60,15811,0
23,35,23,32,18,34,35333,0
37,62,25,29,43,131,38003,1
33,32,19,28,20,165,35132,1
61,25,15,27,59,34,29822,0
85,37,30,41,161,126,39407,1
24,27,10,24,16,47,22769,0
59,30,40,35,26,82,39599,1
43,59,42,19,72,97,21319,1
39,35,15,17,65,195,22149,1
20,32,20,36,113,138,10306,1
43,33,17,32,195,182,40924,1
25,56,13,24,11,52,32970,0
98,30,35,32,41,73,6029,1
36,58,15,4,153,48,27554,0
13,53,33,9,20,67,16033,0
67,50,39,10,99,71,5978,0
22,36,18,16,45,59,19372,0
66,40,13,14,107,36,33307,0
94,54,17,28,161,45,45179,0
53,64,0,15,41,191,1114,1
25,28,45,48,164,133,18531,1
17,30,24,49,105,58,39580,1
23,32,10,2,61,78,3368,0
68,59,35,47,117,114,24885,1
84,54,35,28,60,58,31853,1
54,41,40,35,132,77,28393,1
10,36,49,19,106,194,40800,1
28,44,15,23,194,152,3595,1
90,30,0,39,73,8,35127,0
11,28,18,20,185,35,31415,0
79,51,6,48,178,90,42314,1
22,43,18,42,159,96,36427,1
12,46,42,23,93,150,9223,1
75,44,45,41,22,11,15874,0
29,66,0,16,176,155,28314,1
28,39,7,1,95,124,38642,1
54,45,46,28,152,80,34411,1
31,43,39,39,35,163,39881,1
22,29,41,28,155,30,13126,0
93,45,28,43,19,66,14261,1
95,25,3,31,9,66,32510,0
99,32,9,23,62,157,36552,1
11,54,5,8,109,98,40500,0
61,49,38,18,4,57,41888,0
94,38,46,4,182,59,45852,0
42,44,37,11,94,51,39446,0
31,43,38,44,169,135,49324,1
48,52,44,3,51,35,14152,0
67,28,25,34,111,45,23705,0
67,27,44,40,91,168,39418,1
32,40,6,2,30,27,37774,0
77,25,20,7,6,134,49892,1
33,47,2,34,5,1,25732,0
14,40,24,7,176,55,41328,0
11,64,10,3,136,128,1476,1
63,69,39,16,51,30,18672,0
36,38,13,39,77,124,35019,1
59,32,29,48,42,194,28998,1
11,26,4,21,97,178,24827,1
74,38,44,38,110,150,26626,1
38,69,24,41,126,37,49759,0
91,53,41,49,114,67,8121,1
50,61,35,43,87,75,47105,1
28,52,11,39,109,97,28523,1
37,41,5,42,0,3,25264,0
37,64,45,14,100,34,39297,0
57,30,26,43,79,172,31804,1
47,68,43,18,10,128,32770,1
38,66,40,10,101,64,6963,0
77,62,11,18,181,179,33276,1
23,53,35,34,165,176,17748,1
14,36,3,33,197,195,27708,1
23,52,7,28,85,186,38120,1
87,25,30,45,198,49,27855,1
19,54,47,31,177,68,47046,1
60,54,23,7,88,17,40652,0
47,28,0,35,96,68,24926,0
61,59,22,48,112,42,34390,0
88,35,29,31,124,172,44897,1
46,50,44,48,91,14,19778,0
55,26,29,43,103,117,30145,1
16,46,2,8,90,113,47671,1
73,42,3,35,35,56,9520,0
49,49,8,5,192,41,49229,0
72,47,5,27,35,183,38927,1
81,51,33,8,135,174,6146,1
97,52,31,42,141,120,32555,1
42,50,29,17,94,96,5865,1
52,26,14,7,124,30,6851,0
19,34,22,19,133,156,7426,1
99,44,44,31,155,54,29050,1
85,44,12,49,86,73,16034,1
42,31,9,27,181,159,16519,1
65,25,16,2,179,49,33994,0
38,55,14,5,53,47,46836,0
25,52,47,18,194,1,25029,0
61,47,30,5,66,187,46250,1
46,55,48,22,173,188,4966,1
16,30,32,12,181,18,47127,0
42,52,7,22,132,62,44297,0
31,31,21,10,25,99,27619,1
98,66,5,32,77,112,49846,1
61,31,10,2,197,196,34687,1
76,63,1,40,106,127,29113,1
37,49,41,46,66,130,7079,1
95,62,37,32,85,7,6351,0
24,40,1,27,2,150,19324,1
39,48,4,36,193,27,38804,0
41,40,42,39,152,176,17757,1
79,37,44,35,27,188,42585,1
13,59,14,31,174,13,41844,0
89,43,22,44,152,151,49619,1
25,67,41,22,134,86,17483,1
39,40,8,22,148,159,24901,1
56,42,4,26,163,19,8923,0
26,50,18,21,53,23,13541,0
93,50,31,37,191,79,42373,1
40,35,36,21,108,35,12253,0
16,51,14,36,53,61,8039,0
67,39,36,35,138,5,18469,0
96,63,40,13,46,71,19365,1
94,32,18,13,182,79,44102,0
93,37,11,36,116,100,17035,1
28,65,14,39,16,10,24282,0
85,60,49,23,178,43,30871,0
13,58,3,26,174,196,18214,1
23,49,27,23,10,49,44960,0
38,60,11,36,112,148,41126,1
41,34,24,42,107,164,32045,1
39,41,48,29,44,38,37098,0
27,39,6,46,150,57,27436,0
72,41,18,39,128,60,14424,0
86,33,43,22,111,95,12767,1
26,33,17,18,56,91,24385,1
84,36,36,33,43,163,10058,1
64,51,5,4,133,59,37645,0
19,31,43,36,29,192,10508,1
50,66,13,36,170,95,43568,1
31,60,1,26,122,80,23736,0
71,36,3,36,136,78,34617,0
71,45,21,19,4,109,9300,1
76,50,8,32,109,76,43007,0
35,29,4,13,95,137,10711,1
28,45,9,23,191,148,41215,1
50,58,37,44,15,173,12387,1
71,45,43,25,170,165,47138,1
74,57,20,42,109,155,2585,1
82,32,13,47,154,41,43573,0
43,28,1,45,3,120,14309,1
53,31,41,11,63,195,32604,1
80,63,41,47,179,26,45322,0
17,63,42,25,109,195,9369,1
96,27,43,34,72,33,17406,0
41,62,39,48,131,91,49553,1
26,48,22,19,176,49,41337,0
34,28,31,5,1,37,4511,0
59,37,26,46,157,184,28842,1
78,41,1,34,31,93,7803,1
61,52,36,17,117,100,7399,1
86,55,5,14,146,94,17235,0
12,42,12,38,25,108,13286,1
30,50,49,8,189,102,47355,1
35,28,46,19,139,185,19030,1
22,47,24,16,118,130,45922,1
82,55,1,12,92,82,13980,0
34,31,21,6,5,196,12969,1
72,64,0,37,159,188,47719,1
87,45,43,28,60,191,13758,1
92,30,35,48,65,179,39318,1
88,51,40,26,182,196,45793,1
45,46,36,2,2,156,2427,1
86,51,44,41,36,125,31696,1
34,63,43,45,60,26,16743,0
25,29,41,38,156,149,42067,1
25,28,20,8,183,114,30818,1
15,34,29,5,25,2,32061,0
12,35,21,29,31,111,18496,1
69,49,10,12,35,91,9850,0
49,38,19,30,66,133,20139,1
11,46,37,21,169,163,7002,1
50,33,40,31,113,43,32101,0
55,69,48,6,185,123,43120,1
38,29,9,35,71,114,28855,1
19,50,0,41,1,73,44804,0
32,65,31,36,41,99,19216,1
81,35,19,31,58,115,236,1
62,53,17,20,121,172,23018,1
42,64,23,17,4,171,22551,1
95,39,45,4,117,158,49380,1
37,32,6,4,113,160,10019,1
86,49,8,34,100,62,17588,0
91,62,34,10,67,42,20327,0
30,29,40,23,27,167,37477,1
87,36,35,39,108,98,9055,1
14,67,38,12,132,148,34649,1
17,40,12,49,147,170,7804,1
33,52,19,7,75,159,44326,1
34,62,1,15,62,72,7743,0
31,37,31,42,164,109,17977,1
64,49,40,27,74,96,27916,1
38,34,23,8,61,130,29877,1
70,69,10,29,10,105,13702,1
53,53,39,43,104,177,23383,1
57,42,3,12,29,123,29142,1
29,43,23,35,79,110,42007,1
53,53,15,30,145,33,13226,0
38,55,8,49,96,19,45172,0
60,28,21,23,95,135,35555,1
56,54,34,40,137,104,25763,1
69,51,32,7,113,169,14007,1
68,33,17,19,37,159,16352,1
86,51,23,41,56,30,25043,0
47,41,16,33,183,4,40561,0
46,55,18,28,187,156,48990,1
18,61,32,31,105,17,25222,0
46,60,20,41,96,132,22839,1
65,60,10,30,194,131,37759,1
73,45,3,13,81,79,46194,0
44,52,18,31,18,155,33673,1
64,49,22,5,147,192,47701,1
88,25,44,8,109,175,40340,1
69,40,14,19,147,2,22017,0
36,51,9,33,80,79,12311,1
18,46,49,21,138,173,2096,1
17,41,32,15,17,123,2674,1
96,68,32,27,195,67,48913,1
99,63,34,44,137,137,251,1
34,29,35,37,146,32,45830,0
23,27,0,21,50,4,47934,0
84,62,30,47,154,48,43152,1
93,66,21,27,39,75,26816,1
25,59,30,6,15,96,18548,1
62,54,33,14,143,158,28694,1
98,69,16,41,174,96,42521,1
11,25,38,20,163,175,44320,1
86,40,29,12,87,130,13583,1
94,49,21,25,22,113,6657,1
41,61,20,28,74,153,44522,1
24,67,15,0,106,81,30528,0
46,31,38,33,146,27,49360,0
63,56,35,23,70,17,33680,0
25,28,18,11,49,68,36950,0
54,58,30,7,123,134,28434,1
49,63,0,17,198,15,5304,0
12,32,34,34,91,163,23255,1
74,50,20,34,95,121,36202,1
12,37,42,7,73,104,47597,1
36,56,33,37,182,164,21059,1
18,67,6,42,43,101,8095,1
51,36,35,46,91,16,45493,0
55,63,45,43,109,130,7403,1
21,47,12,19,65,158,24546,1
26,37,35,10,182,197,4346,1
91,35,8,46,125,148,11133,1
98,62,46,15,113,125,17987,1
91,49,36,8,58,138,40371,1
14,67,31,33,131,165,46870,1
65,53,6,25,132,119,47098,1
93,51,29,30,46,5,18268,0
14,52,46,5,185,15,803,0
13,60,22,44,29,9,49844,0
99,36,4,37,184,144,24761,1
94,31,9,22,71,57,12207,0
27,39,25,48,147,37,44834,0
57,57,8,17,105,118,46283,1
80,51,15,9,167,102,7050,1
16,36,7,40,179,82,47421,1
74,51,26,44,149,197,343,1
57,49,11,45,9,59,31392,0
60,61,46,18,167,168,821,1
20,57,47,16,141,30,27737,0
65,35,35,39,197,173,49784,1
13,67,5,7,133,123,16566,1
26,29,22,8,72,185,48805,1
66,61,25,42,187,165,8132,1
44,62,13,27,9,195,5177,1
61,57,15,19,85,52,10502,0
33,51,12,6,120,14,5537,0
47,65,35,27,137,61,6298,1
84,38,3,40,19,144,44214,1
36,28,22,31,74,85,40946,1
27,42,3,41,171,34,24028,0
48,53,0,19,190,19,12289,0
65,43,40,40,152,32,12712,0
69,61,30,30,26,43,29508,0
33,38,18,22,63,72,12475,0
13,61,26,47,197,138,30154,1
97,66,7,28,111,147,41820,1
57,57,1,27,65,126,35499,1
21,25,3,21,113,43,47836,0
85,45,16,32,91,15,3596,0
96,60,25,1,180,165,2008,1
46,48,24,23,34,135,19321,1
27,34,40,16,9,100,10076,1
69,42,35,3,139,173,23917,1
39,42,38,9,67,54,9943,0
11,62,2,46,126,21,21876,0
78,48,33,24,13,69,5497,1
66,63,11,20,134,53,23589,0
65,32,24,10,40,153,13941,1
21,55,30,19,194,15,4984,0
69,25,5,13,164,65,5773,0
85,63,44,38,20,140,46404,1
18,26,15,11,144,175,23147,1
33,59,32,38,151,25,26663,0
34,47,39,7,14,189,24325,1
50,38,49,22,42,105,20124,1
56,62,16,33,9,47,37825,0
61,58,44,37,26,129,33072,1
65,66,21,25,75,89,3515,1
86,66,18,24,97,50,36505,0
24,29,25,4,148,9,42087,0
20,65,32,3,59,57,22634,0
92,35,22,42,59,144,18881,1
88,30,0,1,80,106,7509,0
23,57,24,1,151,86,38058,0
96,52,37,25,35,76,43401,1
79,36,15,6,97,112,36249,1
37,30,35,36,15,20,6783,0
20,47,27,44,70,182,5025,1
28,29,10,37,73,81,17397,1
97,66,40,14,119,114,32294,1
78,43,41,6,163,192,11010,1
18,29,46,27,169,166,26841,1
99,59,16,34,174,25,24212,0
24,63,17,35,109,99,35002,1
56,32,26,36,53,65,6770,1
72,58,20,6,136,140,47163,1
92,40,9,38,118,162,10333,1
48,54,32,28,96,132,17207,1
42,53,36,4,130,137,7860,1
68,65,3,32,63,186,16991,1
22,53,47,16,122,38,1608,0
14,42,5,19,159,125,27214,1
28,59,44,38,175,70,17295,1
63,28,44,20,123,84,20897,1
45,43,27,43,177,163,18877,1
38,44,40,0,168,111,48651,1
11,54,8,47,149,42,9518,0
61,62,28,35,13,139,21667,1
81,63,29,2,0,54,49335,0
39,37,19,37,123,86,48150,1
18,57,28,18,63,155,7485,1
36,54,32,41,90,97,30536,1
99,66,26,25,109,176,25695,1
65,37,30,10,195,91,40070,1
88,42,24,12,63,51,44066,0
93,63,45,1,43,31,1636,0
85,54,3,25,179,86,12218,0
78,27,30,8,110,176,22502,1
64,29,30,1,184,172,30208,1
46,49,39,25,118,17,45101,0
42,36,39,28,67,129,34301,1
64,53,45,46,142,132,23567,1
66,50,25,6,191,173,24148,1
26,40,14,42,79,166,18820,1
60,32,13,38,163,154,11231,1
35,69,29,3,140,142,39788,1
83,45,11,20,6,16,13863,0
12,29,5,49,79,182,29280,1
32,67,33,3,8,66,47538,0
80,33,17,22,122,155,8767,1
27,59,36,36,15,80,39293,1
26,32,14,29,194,22,6879,0
96,52,2,45,67,61,5867,0
63,53,24,46,67,166,30577,1
92,28,3,16,88,46,12624,0
87,66,41,21,124,34,49188,0
91,55,25,2,31,194,20075,1
61,41,20,34,167,14,6436,0
77,37,6,1,38,173,30363,1
87,38,41,41,20,118,25400,1
77,49,4,16,47,195,8723,1
80,30,25,32,113,57,3006,0
70,45,17,8,80,69,33162,0
84,52,14,8,20,59,20161,0
17,56,49,14,165,116,19135,1
81,52,15,47,62,23,31215,0
79,34,35,24,26,26,24190,0
96,40,0,26,172,103,44530,1
70,33,1,20,6,60,42542,0
89,51,11,16,173,125,2386,1
71,57,29,6,54,98,49971,1
34,49,17,3,105,16,45895,0
38,44,30,6,19,31,46684,0
82,31,34,31,100,147,43729,1
23,61,11,8,41,126,494,1
89,54,45,39,142,39,39694,1
76,56,48,3,41,47,31119,0
92,38,15,7,4,115,16442,1
72,25,28,45,77,176,23839,1
14,64,4,47,104,43,5085,0
23,57,28,42,158,186,28442,1
72,49,19,48,173,68,34438,1
94,62,37,34,120,90,20433,1
25,52,41,32,163,164,30581,1
35,53,24,25,21,129,13657,1
27,43,37,35,24,48,19873,0
14,63,37,15,154,123,28409,1
17,46,13,8,5,5,32399,0
71,45,13,18,26,188,29846,1
66,62,17,32,136,58,7383,0
73,26,0,38,126,78,3137,0
24,39,8,30,161,19,19843,0
33,40,42,2,48,46,11789,0
25,32,3,25,103,105,22733,1
40,43,6,7,77,103,37662,0
76,28,11,30,18,1,23542,0
14,64,9,13,35,120,9663,1
85,27,18,41,76,125,42958,1
22,47,18,0,158,164,28169,1
87,25,4,32,167,78,18060,0
61,64,19,35,155,109,1080,1
10,41,8,36,193,57,8236,0
62,38,14,20,154,41,14324,0
22,34,45,29,142,166,4507,1
37,67,21,1,76,74,13172,0
47,58,45,23,11,158,20034,1
16,46,3,48,97,14,26319,0
82,58,14,31,114,93,26077,1
43,35,39,6,4,154,8053,1
36,68,1,48,124,80,10591,1
99,45,19,37,102,191,4572,1
59,59,4,6,52,11,33979,0
85,34,46,44,149,147,43966,1
15,39,3,15,132,27,6712,0
99,47,37,11,92,128,14065,1
30,25,32,30,83,173,8217,1
94,27,14,41,40,66,41370,1
89,63,20,35,17,129,42974,1
38,38,29,32,30,131,47052,1
14,45,18,28,181,113,35026,1
96,50,7,10,49,65,21642,0
33,26,12,43,112,54,45635,0
80,42,14,44,112,147,38536,1
63,51,43,12,15,169,43352,1
43,57,27,38,21,25,38635,0
47,55,8,27,58,96,10235,1
34,33,26,49,129,62,40255,1
78,68,32,33,138,10,13529,0
36,62,10,6,111,4,19987,0
35,32,46,48,2,2,40285,0
38,28,26,3,32,16,22104,0
36,64,30,28,11,117,7467,1
13,37,7,12,7,77,23489,0
44,37,3,12,105,8,30145,0
34,48,13,24,127,193,12745,1
78,69,44,21,153,64,28902,1
86,27,25,1,12,33,39731,0
62,44,8,16,59,95,20084,0
60,59,4,49,22,81,3484,1
72,68,49,15,145,133,40666,1
88,43,1,13,150,38,16422,0
76,62,28,9,191,15,38675,0
39,69,28,40,159,185,26274,1
25,38,46,27,110,60,20780,1
91,63,36,12,130,15,28069,0
40,47,29,20,148,102,11635,1
41,29,20,39,69,155,5113,1
84,34,14,27,12,130,14428,1
11,28,9,15,155,97,45550,1
78,37,44,34,97,196,11912,1
17,30,13,26,76,41,23661,0
78,26,40,48,2,158,3851,1
45,64,10,6,179,135,1397,1
39,52,8,35,113,11,2919,0
22,49,12,17,99,94,28407,1
56,63,15,28,155,22,35595,0
85,49,34,15,116,33,42277,0
70,60,20,15,38,179,12748,1
92,60,44,24,73,168,2228,1
41,41,39,42,36,93,37527,1
49,60,16,29,123,2,8929,0
75,43,24,33,33,156,1185,1
42,38,24,27,97,119,8017,1
84,51,19,26,189,23,35739,0
18,47,20,22,95,182,25820,1
91,55,3,34,7,28,40194,0
98,25,44,29,90,180,16362,1
58,27,26,40,130,124,7143,1
88,53,32,25,125,158,31898,1
22,60,16,24,159,190,31711,1
32,55,19,17,120,20,14658,0
38,62,4,6,181,65,47590,0
80,34,6,9,51,127,30647,1
14,35,42,16,88,42,13673,0
98,35,4,17,144,29,35899,0
42,37,41,49,13,5,10092,0
70,25,42,48,126,171,44550,1
79,38,8,35,79,88,21497,1
66,30,32,19,95,94,3099,1
39,37,36,15,103,148,28965,1
64,35,37,7,12,133,30260,1
22,57,34,32,23,84,13163,1
70,58,36,12,81,69,9692,0
70,56,15,46,127,102,42475,1
75,49,42,0,170,5,11831,0
98,29,46,14,174,92,7452,1
48,40,35,2,54,197,33382,1
18,56,40,44,133,129,19875,1
65,49,34,20,98,75,38482,1
34,35,13,15,115,168,26872,1
49,44,40,0,80,150,8044,1
34,50,10,34,121,172,6919,1
99,64,35,27,146,80,14055,1
62,56,49,48,95,38,49471,1
71,37,34,34,60,118,7540,1
15,34,6,31,65,94,27197,1
71,47,27,16,11,181,37055,1
73,48,9,44,101,27,31907,0
65,52,21,46,80,129,16318,1
44,44,47,29,102,112,4536,1
91,49,15,22,93,160,19036,1
58,31,49,28,114,36,26913,0
36,39,47,27,199,159,42053,1
62,38,31,34,80,191,28338,1
89,46,25,30,2,20,40483,0
90,45,27,41,125,128,32270,1
66,31,41,26,12,18,32733,0
58,31,5,44,122,67,40397,0
66,67,22,11,72,91,13497,1
70,25,31,25,9,57,13824,0
60,64,41,13,128,154,46178,1
14,26,43,11,136,47,26543,0
42,69,8,20,79,143,11948,1
91,51,21,48,41,83,21438,1
72,43,26,38,101,48,35066,0
64,39,6,22,84,192,36822,1
80,60,35,15,86,133,13226,1
93,34,10,18,120,190,3915,1
46,50,14,30,142,181,3289,1
46,35,39,12,127,22,1422,0
36,49,45,41,171,44,39830,1
47,34,18,0,102,58,39782,0
30,44,8,14,14,158,35701,1
36,47,5,45,140,146,27355,1
74,34,4,48,123,65,11587,0
54,56,19,16,24,127,25918,1
75,40,12,27,12,78,15519,0
80,36,2,38,76,119,23991,1
29,58,20,13,7,107,48358,1
34,62,36,17,127,39,25722,0
36,31,9,5,30,194,36334,1
92,37,42,36,0,109,32389,1
69,45,10,42,162,17,7781,0
90,44,32,44,176,20,11880,0
10,55,4,10,136,114,30725,1
68,57,39,34,52,85,45651,1
37,50,34,44,39,119,1988,1
47,56,21,7,94,162,17032,1
47,35,48,45,96,93,10937,1
94,38,16,5,199,35,49931,0
34,66,34,4,2,126,6935,1
37,28,18,13,123,43,21700,0
24,29,43,36,100,175,44342,1
93,47,21,17,74,6,13539,0
26,40,24,43,124,40,28982,0
49,51,24,34,67,94,3898,1
81,64,2,43,104,153,12357,1
46,53,24,6,198,54,16987,0
77,38,20,28,24,97,20648,1
68,32,5,28,164,20,3350,0
76,28,39,6,197,27,31506,0
89,34,7,44,132,180,23631,1
86,44,25,45,97,195,39705,1
32,36,3,22,32,75,26931,0
75,31,42,17,170,19,12980,0
69,48,39,47,198,170,30208,1
11,62,16,28,128,183,33620,1
92,68,7,3,97,37,11519,0
59,67,24,5,83,153,42780,1
39,33,5,28,193,40,45408,0
32,27,36,22,51,189,18790,1
75,26,46,43,160,11,11260,0
75,33,25,49,74,152,972,1
37,68,10,30,126,75,33885,0
86,39,28,0,62,90,19265,0
86,28,32,2,7,170,13686,1
54,68,36,39,27,63,25156,1
85,29,21,7,28,107,32310,1
21,50,23,25,45,5,40068,0
53,43,10,43,167,53,16837,0
98,66,30,3,45,113,16919,1
62,68,23,8,155,101,33138,1
55,58,36,31,143,65,1541,1
62,56,15,13,194,192,12666,1
18,57,2,25,6,179,37596,1
85,25,10,44,126,39,4487,0
72,35,44,30,107,36,3762,0
85,28,29,8,15,83,38181,0
82,43,32,34,186,178,21664,1
68,69,17,43,44,0,26921,0
33,35,17,20,108,172,14466,1
96,35,33,21,126,199,12766,1
72,42,21,43,196,198,14018,1
80,33,44,0,57,107,21240,1
44,43,45,30,138,25,21128,0
80,68,19,3,56,1,26400,0
92,41,45,41,72,104,38075,1
57,30,31,26,180,26,45440,0
96,65,26,16,102,101,1327,1
31,29,23,17,182,121,17146,1
73,62,29,1,160,127,38801,1
78,45,8,30,148,147,46743,1
84,29,25,41,157,105,9641,1
54,25,43,32,79,145,39026,1
24,65,6,0,61,47,24037,0
52,58,16,20,15,84,9281,0
99,40,17,47,86,132,16656,1
36,41,9,1,63,31,3994,0
67,28,15,24,105,94,27527,1
58,38,16,2,113,84,41846,0
49,31,28,0,115,194,40152,1
24,26,44,5,164,187,18375,1
37,50,17,15,33,40,32832,0
73,45,31,18,1,167,45458,1
60,45,40,17,169,172,48043,1
81,55,14,1,171,94,10707,0
61,49,7,21,134,29,9054,0
42,37,3,36,25,117,13567,1
11,51,35,28,41,7,34639,0
32,52,10,31,55,48,45229,0
69,68,19,32,126,6,26173,0
54,68,28,48,157,154,2631,1
85,61,5,33,84,90,48980,1
92,55,18,21,73,23,37868,0
82,26,28,40,89,95,46047,1
54,67,20,30,160,83,2968,1
72,30,36,31,161,185,44264,1
38,44,23,28,105,2,15808,0
38,62,28,12,14,63,29837,0
29,40,44,41,50,186,34644,1
54,61,5,8,145,80,12112,0
79,67,46,29,191,34,25527,0
11,36,5,39,133,142,38740,1
75,53,27,35,143,45,44558,0
98,44,9,8,87,27,36431,0
20,68,20,20,140,113,17351,1
84,66,0,5,83,151,11901,1
42,65,26,1,19,193,8704,1
67,36,11,22,137,23,29111,0
62,54,20,14,8,183,904,1
89,66,45,28,89,120,36602,1
81,31,42,11,73,66,15419,0
36,45,15,38,183,129,20354,1
63,40,12,36,19,15,3591,0
15,51,41,37,115,81,23004,1
27,56,35,47,33,63,39837,1
92,55,40,47,2,44,46918,1
66,62,5,30,26,109,5194,1
78,35,49,35,64,199,7322,1
79,56,37,20,179,29,28059,0
23,54,34,22,24,94,1258,1
33,64,22,0,121,50,25811,0
30,57,36,35,88,47,852,0
98,41,9,27,153,152,40314,1
38,69,48,18,100,148,39611,1
30,40,12,16,34,134,40558,1
25,51,12,46,156,52,13833,0
25,34,34,45,184,126,42993,1
88,35,13,34,186,56,45951,0
16,52,16,37,87,182,20569,1
21,53,46,47,66,109,47379,1
93,65,24,15,105,119,39044,1
93,31,21,20,67,6,46022,0
98,65,38,8,32,155,19278,1
35,30,13,42,16,132,34281,1
48,30,41,30,47,191,26280,1
27,64,0,47,159,132,39245,1
47,34,14,30,135,129,21464,1
92,58,26,23,82,23,4131,0
45,42,40,22,104,162,42963,1
58,43,44,21,199,166,38186,1
86,51,45,14,88,32,23844,0
40,33,10,38,69,32,36437,0
72,49,23,24,4,112,2109,1
58,63,37,0,130,161,38236,1
66,44,19,19,173,176,7348,1
14,31,40,42,154,133,21008,1
68,66,11,17,57,16,48424,0
46,57,46,44,160,118,35436,1
37,65,49,47,189,84,18880,1
47,34,34,16,60,72,44222,1
89,44,5,17,1,3,24135,0
20,26,7,24,70,77,36760,0
73,55,25,20,121,148,38593,1
31,49,25,23,100,73,34387,1
65,44,12,40,41,55,11050,0
19,26,0,34,97,153,12166,1
74,53,19,34,190,6,29903,0
89,51,46,0,30,2,32306,0
96,39,46,38,23,81,9524,1
68,60,28,42,187,144,11322,1
19,59,46,32,15,67,47531,1
46,31,20,17,197,192,13988,1
91,61,19,37,114,108,35455,1
87,36,22,31,140,30,38332,0
73,46,25,43,194,79,4613,1
73,58,14,23,57,41,36474,0
81,31,43,30,160,30,10607,0
78,66,26,22,21,13,28009,0
91,26,5,41,173,130,36060,1
66,58,8,37,130,182,45668,1
39,67,21,5,132,46,46257,0
29,41,21,22,178,48,18462,0
26,29,34,18,129,112,39216,1
31,37,24,42,54,31,16515,0
21,25,14,26,119,152,10845,1
15,42,43,40,187,100,37080,1
44,28,33,30,42,176,5006,1
69,49,25,39,98,59,28493,1
71,49,17,16,197,47,7013,0
74,28,18,45,90,147,32228,1
84,67,41,34,36,135,3500,1
97,56,14,42,45,176,27572,1
98,31,40,26,91,124,39912,1
50,36,32,18,37,103,28775,1
97,38,23,31,92,96,48905,1
28,63,15,29,53,46,47229,0
52,66,49,2,140,71,39568,1
81,40,32,17,116,3,29977,0
86,40,13,30,6,7,37185,0
54,56,5,30,63,177,26104,1
52,41,37,4,187,167,2159,1
47,54,45,45,188,7,48105,0
63,68,1,11,103,28,28900,0
87,62,14,40,141,167,31446,1
95,38,24,4,51,76,36591,0
19,33,49,31,119,161,48381,1
81,32,2,7,53,90,8175,0
45,67,7,36,47,62,39089,0
66,51,39,45,85,174,13141,1
15,39,16,39,170,63,103,0
74,27,8,22,83,124,23547,1
41,26,19,28,136,31,19376,0
27,46,8,14,106,126,16023,1
10,46,11,45,131,130,25617,1
29,63,4,19,178,29,43651,0
98,55,28,14,24,59,8064,0
88,57,2,0,39,71,19468,0
82,28,19,8,111,58,23273,0
77,47,28,15,6,109,16613,1
61,59,21,34,145,190,10387,1
38,69,10,23,60,86,9307,0
76,26,29,36,95,170,40498,1
77,47,7,0,150,182,22598,1
70,38,18,14,150,15,41645,0
60,65,35,49,64,5,8349,0
47,36,18,40,147,135,22551,1
29,55,13,1,74,138,24234,1
61,46,43,2,136,54,562,0
47,36,12,13,27,28,40776,0
22,61,43,10,95,179,16733,1
19,51,24,6,27,180,7062,1
65,54,40,21,129,51,45447,0
92,39,19,17,10,137,28817,1
32,69,28,34,166,43,49519,0
44,63,22,36,142,196,49148,1
83,35,40,46,111,95,6729,1
71,49,1,19,182,19,47354,0
61,31,27,43,112,89,29682,1
84,31,26,28,22,194,21316,1
49,35,37,31,29,3,28447,0
30,62,5,35,191,182,14766,1
41,60,13,6,81,129,5832,1
36,54,13,42,106,165,39461,1
92,49,28,4,51,67,48153,0
78,69,49,4,7,174,18346,1
29,68,28,12,174,92,42526,1
75,30,18,0,33,69,3009,0
35,27,32,20,85,143,739,1
88,32,0,42,55,164,28706,1
14,38,4,10,120,2,11980,0
62,40,23,35,139,172,9354,1
75,58,1,34,35,175,4290,1
17,54,16,44,28,25,33891,0
90,42,26,43,144,94,38130,1
60,53,27,41,57,157,3627,1
17,55,7,49,53,51,2027,0
35,55,45,46,152,136,26697,1
69,52,24,19,150,38,48862,0
10,63,45,17,143,131,33284,1
78,58,25,39,84,91,11075,1
98,63,15,47,113,191,2725,1
99,27,2,4,75,110,4543,0
56,56,15,11,14,122,32277,1
61,39,22,9,7,128,39342,1
66,61,4,13,104,80,18223,0
79,58,1,0,190,1,21300,0
66,29,17,28,191,176,28261,1
71,26,39,13,188,150,47312,1
94,33,34,10,192,120,42704,1
94,57,3,7,150,35,2728,0
41,68,25,27,183,162,43558,1
37,65,18,47,187,120,18420,1
23,63,6,0,129,61,22410,0
38,61,45,18,30,23,23014,0
41,45,31,24,17,11,25173,0
68,35,3,29,89,14,3970,0
40,43,7,42,89,196,5519,1
97,40,48,38,163,90,39198,1
20,67,17,26,138,123,20691,1
51,25,6,12,103,162,46325,1
75,44,25,9,171,141,48566,1
30,49,45,33,157,123,26404,1
73,57,9,23,77,93,37026,1
19,57,16,6,143,34,2715,0
14,63,6,49,72,81,24179,1
91,35,25,27,139,63,44041,0
30,33,30,38,49,45,24468,0
40,61,0,19,195,72,24112,0
34,44,9,15,103,16,6316,0
87,40,7,25,5,199,9104,1
63,30,35,28,157,145,23933,1
42,34,39,49,166,37,20290,1
41,33,8,30,188,181,7847,1
32,66,12,18,166,171,17904,1
75,55,32,28,66,23,45857,0
56,52,25,18,122,15,7762,0
34,25,49,24,70,94,34348,1
77,52,28,46,179,107,23456,1
53,36,44,7,179,85,21167,1
38,44,15,23,67,141,9961,1
30,40,2,1,28,90,46457,0
70,34,4,41,10,141,42839,1
99,63,10,40,46,186,42886,1
51,63,44,7,11,159,31754,1
62,62,45,12,99,105,15828,1
28,42,41,49,194,175,26785,1
55,69,9,37,58,18,30389,0
93,43,46,37,190,24,30153,0
37,61,33,9,140,144,49780,1
96,49,28,45,195,27,20940,0
26,54,16,20,164,156,15698,1
55,64,0,25,149,27,43650,0
21,27,21,43,4,198,14681,1
71,58,26,30,105,104,8532,1
48,36,17,2,75,3,9996,0
96,31,35,39,198,179,12754,1
58,26,31,24,100,3,18007,0
25,58,7,6,12,68,29386,0
83,27,14,11,62,91,45718,0
55,43,46,24,113,25,14041,0
75,63,42,24,174,171,35282,1
21,34,7,44,149,7,49946,0
77,54,25,10,120,70,14705,0
56,42,7,3,45,163,1369,1
85,41,49,47,145,8,46480,0
85,46,33,21,144,16,19357,0
53,68,38,25,25,88,37017,1
93,62,29,43,107,137,33705,1
14,49,8,19,65,180,10215,1
10,64,28,13,52,68,30953,0
71,36,33,0,99,86,24126,0
85,47,22,3,157,56,36714,0
70,62,28,20,160,196,9734,1
48,66,45,24,117,115,30764,1
41,31,49,45,181,97,20674,1
81,34,47,34,134,151,41278,1
21,61,7,30,45,163,32787,1
33,66,44,10,100,196,23980,1
69,31,13,18,33,37,8968,0
76,46,14,28,197,103,12107,1
38,68,39,23,132,66,6611,1
87,36,12,20,91,107,38753,1
22,35,27,26,198,55,49878,0
51,60,4,26,52,74,23056,0
62,39,3,44,139,140,37528,1
57,31,4,35,124,21,42847,0
51,46,29,10,186,71,8705,0
51,45,9,42,112,90,37409,1
83,63,40,34,146,195,45349,1
55,42,43,16,74,66,9128,1
84,41,39,31,57,181,34331,1
24,38,7,4,61,129,1280,1
62,65,8,38,72,21,17299,0
82,38,24,21,134,72,46937,0
35,26,44,47,76,187,47905,1
20,41,36,40,142,14,10491,0
83,29,10,23,126,59,43399,0
65,34,21,15,1,33,44596,0
92,31,30,45,179,59,5671,1
90,41,28,47,66,121,38764,1
24,37,11,16,148,145,1977,1
92,40,18,28,28,24,13327,0
85,42,7,23,150,59,6964,0
61,39,1,7,70,101,990,0
45,26,1,12,90,4,25086,0
77,25,8,24,96,158,13775,1
37,67,0,44,151,74,1758,0
50,47,22,46,88,167,29033,1
97,65,48,5,164,74,36215,1
56,35,10,45,144,188,41239,1
71,35,15,31,57,132,19285,1
94,26,25,28,137,164,21635,1
50,25,17,20,155,21,26077,0
69,51,18,40,80,36,39156,0
22,45,0,5,184,89,31378,0
62,68,29,27,127,38,44966,0
72,57,40,11,137,152,49821,1
53,38,0,17,44,135,18936,1
68,59,20,24,196,106,47601,1
86,53,34,48,51,95,48268,1
55,53,47,17,145,162,8676,1
88,36,36,9,133,115,36679,1
46,40,25,26,43,104,12435,1
80,25,6,23,129,61,31477,0
34,67,25,16,127,136,43108,1
32,56,36,39,136,7,2570,0
69,44,4,22,35,150,7111,1
98,38,23,21,80,121,49096,1
69,42,15,47,191,34,16910,0
96,41,26,47,32,56,31493,1
44,30,20,16,179,195,22199,1
35,60,18,23,61,124,49406,1
97,64,18,33,48,118,11738,1
55,53,6,34,52,92,3733,1
32,32,14,8,7,193,5916,1
58,54,32,48,157,27,13875,0
95,52,16,46,165,189,42640,1
87,48,43,41,134,159,21149,1
72,69,5,33,68,76,37761,0
22,59,45,46,46,172,11501,1
64,31,32,21,173,1,35444,0
55,34,40,15,174,144,14706,1
30,47,42,43,9,183,37531,1
36,46,38,38,92,110,31111,1
17,45,17,18,170,42,19444,0
50,59,30,48,197,121,17180,1
43,53,11,14,138,43,11462,0
62,35,22,9,143,155,7440,1
79,46,20,39,7,116,4110,1
71,25,9,47,140,63,24386,0
62,54,18,29,190,95,46512,1
27,67,28,19,183,35,18650,0
59,36,0,7,113,147,37125,1
52,26,35,15,123,197,31476,1
72,33,12,31,59,188,8849,1
38,26,23,37,81,55,2899,0
27,45,3,33,177,89,24739,1
16,41,32,5,4,92,11469,1
78,46,12,1,25,25,44762,0
95,38,49,34,94,183,13648,1
86,49,0,22,74,15,4623,0
45,34,48,19,74,175,39684,1
97,43,4,25,35,52,19872,0
30,56,22,1,122,159,4241,1
50,29,38,35,157,158,34048,1
16,56,39,31,173,28,38932,0
44,25,2,3,9,11,33488,0
45,36,29,26,19,64,12143,0
70,36,4,48,180,15,9726,0
63,39,5,38,168,35,17220,0
20,27,40,9,130,10,13136,0
72,50,39,9,83,47,46912,0
73,58,10,25,149,46,42859,0
92,69,9,49,196,190,9695,1
67,50,27,2,190,29,19060,0
40,41,47,27,24,179,31935,1
63,52,21,47,100,86,31157,1
58,39,49,32,94,148,31784,1
60,61,4,13,37,192,43993,1
94,43,19,45,105,141,29359,1
99,42,29,30,51,119,23040,1
78,36,38,24,33,153,21213,1
81,31,25,47,91,23,47429,0
94,59,2,4,6,70,20918,0
28,25,3,31,64,48,21602,0
19,64,37,3,155,189,39401,1
36,60,5,0,197,166,45628,1
43,49,41,16,59,153,24189,1
66,49,7,30,51,132,34696,1
74,25,18,1,150,38,35796,0
69,61,24,8,146,165,14980,1
19,44,45,7,176,5,10459,0
41,43,10,12,90,97,32067,0
10,43,31,30,22,135,23066,1
23,65,13,36,44,2,372,0
16,63,32,6,82,87,15051,1
86,48,46,30,140,153,14030,1
59,45,26,40,147,121,41400,1
10,36,46,28,154,55,13929,1
81,68,34,47,99,165,38711,1
49,58,35,12,74,10,16916,0
95,41,2,4,63,27,9712,0
75,49,26,36,84,103,36878,1
10,44,49,2,10,142,45674,1
30,50,3,0,82,57,22758,0
64,25,39,43,80,111,4551,1
64,52,14,12,123,74,47021,0
14,52,48,17,107,195,32133,1
41,25,1,34,99,190,12833,1
43,35,16,7,146,145,16214,1
17,27,21,49,142,30,31654,0
68,38,3,43,177,116,10924,1
51,50,20,0,112,195,22381,1
73,53,47,39,150,51,25366,1
73,43,41,46,101,175,12187,1
64,66,49,7,38,148,46112,1
91,42,29,12,158,171,39297,1
10,30,9,8,78,14,33529,0
52,30,47,37,35,7,3968,0
37,60,34,26,1,181,27042,1
41,67,15,4,62,182,47969,1
87,65,1,34,75,41,27398,0
86,37,0,21,112,97,44270,0
90,47,1,12,174,119,31214,1
75,40,11,13,75,190,7332,1
68,57,21,2,166,37,26401,0
10,45,29,5,173,131,27077,1
86,46,8,22,10,168,3963,1
34,66,6,38,180,130,20582,1
83,43,12,7,134,154,28149,1
53,30,1,5,115,2,17315,0
72,68,39,17,39,168,14819,1
11,43,48,44,144,95,11935,1
20,52,7,37,173,145,45153,1
81,40,37,35,187,109,6140,1
47,62,46,39,71,18,37022,0
85,33,18,31,77,130,7734,1
15,36,32,39,93,6,37601,0
37,38,28,7,93,73,11605,0
40,42,40,7,174,139,20646,1
46,50,16,6,46,165,4449,1
91,46,5,48,106,155,2401,1
30,40,22,20,173,183,27032,1
83,29,36,3,32,154,47869,1
42,66,21,36,134,190,45370,1
72,46,27,1,154,42,22003,0
77,69,48,29,47,41,9770,0
50,45,12,26,143,132,11240,1
93,41,17,33,7,131,40233,1
23,64,25,34,5,121,22565,1
67,28,47,45,147,155,37751,1
16,52,9,18,123,20,20550,0
57,37,18,28,0,60,23491,0
19,35,9,33,193,67,6692,0
65,60,10,17,43,60,23811,0
36,61,48,30,194,75,10500,1
68,66,12,5,198,104,27265,1
47,46,4,16,137,136,26350,1
58,42,12,9,46,182,25169,1
89,59,17,42,169,42,31320,0
16,35,35,1,30,87,17361,1
95,49,9,35,39,62,6025,0
25,50,25,40,103,113,35403,1
22,52,18,46,47,162,34481,1
69,59,18,24,127,153,15812,1
71,50,26,34,89,104,34167,1
20,42,9,5,36,68,19040,0
70,61,41,33,0,49,38112,1
15,59,45,25,8,188,49263,1
47,30,27,43,65,32,30238,0
78,39,49,11,198,110,22546,1
90,33,0,45,56,91,2193,1
71,43,31,14,117,46,14797,0
35,32,43,13,21,22,40018,0
37,30,46,5,114,16,12508,0
87,36,44,13,115,186,19214,1
68,58,41,18,19,198,32487,1
70,44,10,34,11,125,42532,1
40,49,7,14,95,16,27434,0
90,44,28,16,8,78,34282,1
49,59,12,38,87,37,25408,0
82,52,12,47,116,184,41580,1
18,65,34,0,85,94,43984,1
74,44,21,16,151,127,44943,1
35,42,30,7,144,52,18046,0
75,33,16,4,16,17,30542,0
75,26,7,16,71,6,20225,0
31,53,1,37,166,6,271,0
13,43,47,25,19,107,30133,1
19,27,49,17,55,167,40517,1
45,53,43,42,84,64,3905,1
14,41,18,8,87,187,14904,1
31,49,12,25,11,33,36559,0
79,53,0,37,31,192,48213,1
87,67,10,47,82,91,15901,1
59,31,16,49,114,197,18414,1
34,60,19,11,172,157,10780,1
60,59,5,40,34,36,9763,0
26,69,27,33,123,67,15465,1
75,48,45,15,59,129,22585,1
74,69,20,9,31,141,15073,1
23,57,30,15,111,138,44972,1
30,41,5,3,118,50,48851,0
42,35,8,26,105,74,42181,0
17,39,0,9,157,65,12091,0
85,59,25,40,157,37,2284,0
92,53,10,43,86,104,13473,1
87,32,16,1,194,89,11968,0
95,62,4,32,157,30,42262,0
10,33,29,32,164,132,18840,1
99,67,25,30,116,85,15846,1
19,54,39,5,144,28,29415,0
75,34,34,2,43,81,31294,0
63,25,8,23,13,42,2377,0
70,32,26,47,63,54,24654,1
97,45,24,44,95,19,15076,0
30,49,34,0,37,22,42560,0
95,49,26,32,71,129,6826,1
57,69,6,5,57,121,8266,1
11,48,32,25,160,126,35063,1
41,68,46,21,70,147,39288,1
38,38,32,36,162,97,28570,1
33,66,23,1,53,12,14582,0
85,66,45,20,42,38,37436,0
53,42,28,14,62,149,30400,1
64,68,30,2,12,79,5941,0
41,44,34,41,184,187,24150,1
99,48,9,33,175,16,29373,0
72,65,23,19,82,7,32265,0
24,32,44,10,18,79,44838,1
54,52,11,13,181,77,40671,0
62,57,46,2,100,77,13244,1
63,48,33,1,113,128,37274,1
90,49,5,4,125,85,34441,0
74,57,4,22,13,35,40282,0
45,31,24,2,80,116,5755,1
87,69,7,29,115,189,7052,1
84,55,8,18,69,105,1645,1
37,42,25,0,30,82,48844,0
92,40,5,23,38,179,30906,1
97,28,24,43,198,68,13749,1
81,52,24,6,181,99,18792,1
84,68,0,42,111,164,20831,1
57,30,38,29,92,90,40011,1
91,46,49,22,89,36,5565,0
27,29,43,2,59,33,644,0
33,62,40,3,148,49,43993,0
42,49,30,18,114,19,6313,0
31,57,31,36,5,118,34528,1
84,41,28,17,113,7,830,0
99,61,46,30,182,36,43873,0
43,42,6,40,151,103,4075,1
73,63,46,18,13,16,4657,0
85,50,31,3,115,73,27436,0
51,48,4,20,145,55,34369,0
45,29,34,45,63,2,24231,0
80,50,16,13,182,89,35467,0
78,31,20,33,146,79,30817,1
87,27,41,37,73,63,26933,1
80,25,18,30,150,199,38759,1
17,67,23,5,184,134,29733,1
38,63,4,7,137,127,6764,1
98,62,49,18,31,2,46673,0
91,50,48,14,177,44,45115,0
89,31,2,41,164,1,15745,0
24,57,46,40,137,26,12314,0
51,39,2,11,185,61,43647,0
19,60,35,33,23,90,20160,1
22,43,41,32,88,42,1408,0
83,29,17,49,105,57,49538,1
47,52,42,7,153,88,3936,1
28,56,15,30,72,177,34590,1
89,66,17,24,19,34,42296,0
71,35,24,18,58,25,30028,0
23,55,17,46,56,154,15406,1
51,36,27,0,4,149,7922,1
82,50,34,11,175,175,23230,1
37,39,49,7,80,7,15756,0
75,48,19,6,197,29,4463,0
63,34,25,40,43,26,47040,0
52,33,26,29,31,32,17671,0
12,36,6,38,146,177,6991,1
12,60,24,40,145,145,41203,1
73,54,48,44,95,92,15168,1
23,54,2,9,177,78,8596,0
21,36,26,32,17,155,2934,1
61,68,12,25,64,82,4346,0
88,47,16,18,26,153,35271,1
41,45,29,49,12,185,24525,1
87,45,39,30,60,54,24760,1
12,41,45,20,84,33,20617,0
64,41,33,43,53,192,41453,1
38,27,40,2,109,121,14603,1
73,69,13,11,138,159,16665,1
14,29,28,49,150,118,8949,1
68,64,13,18,120,108,41088,1
18,40,14,37,4,47,48157,0
35,61,46,1,10,199,42115,1
92,25,16,23,31,66,42503,0
24,32,8,39,48,33,10810,0
96,34,32,27,162,199,42060,1
10,44,14,25,49,195,38329,1
44,29,2,8,47,115,26629,1
98,50,16,9,13,131,26378,1
57,58,41,21,126,52,33357,0
88,34,41,45,18,178,10008,1
24,54,42,10,84,177,48906,1
50,54,2,0,122,9,45738,0
71,42,19,31,179,155,42195,1
97,68,35,11,127,46,6910,0
51,57,46,14,122,72,1407,1
53,42,44,21,87,169,8133,1
58,36,40,27,32,127,37289,1
86,26,1,36,43,3,1752,0
26,33,18,4,185,151,27057,1
52,49,13,30,113,70,20478,0
50,40,0,36,32,12,48545,0
53,32,16,2,43,72,29994,0
10,64,28,20,94,127,35244,1
83,61,19,18,181,73,44991,0
46,64,48,47,111,179,11939,1
67,43,29,40,155,51,21898,0
51,32,41,47,139,122,45547,1
76,49,5,12,84,142,23378,1
16,49,40,47,95,27,33696,0
33,39,7,16,118,34,36668,0
40,36,45,6,155,21,31248,0
87,52,10,41,106,180,28248,1
19,28,21,28,92,0,5941,0
39,62,45,49,116,144,14423,1
73,60,9,27,192,57,46075,0
38,48,18,36,86,78,8108,1
31,29,35,29,165,139,40008,1
71,47,47,3,90,71,23431,1
81,68,45,1,11,91,42451,1
70,38,27,15,52,54,22888,0
61,49,22,27,8,38,17933,0
17,43,39,47,10,13,12861,0
72,49,37,49,180,128,19197,1
60,34,32,46,191,125,45708,1
90,49,4,33,37,122,19823,1
15,50,3,38,129,161,2172,1
93,55,41,43,76,136,14074,1
17,32,0,27,18,69,26563,0
23,57,40,16,110,171,23065,1
87,44,20,35,91,171,26969,1
89,44,19,9,9,30,27155,0
44,28,29,9,78,140,12920,1
52,69,47,44,143,36,11428,1
97,38,34,41,105,189,46293,1
98,65,8,4,171,130,5000,1
36,56,13,31,194,82,14643,1
35,33,34,39,11,10,45630,0
24,45,22,27,5,159,18688,1
73,54,1,22,32,65,45150,0
60,41,22,13,169,177,1449,1
76,56,46,20,132,106,40153,1
69,63,34,31,99,66,13714,1
77,35,1,13,117,135,49643,1
70,40,11,44,153,69,23436,1
92,45,31,1,157,101,27344,1
70,35,32,17,35,73,20359,1
56,30,39,46,190,82,37969,1
33,56,3,13,20,28,36658,0
24,32,15,14,40,91,9940,0
82,25,8,23,30,172,26361,1
41,66,5,13,81,19,3298,0
83,30,3,28,2,23,36420,0
59,38,24,15,91,10,402,0
97,65,16,34,183,91,11604,1
36,26,15,3,30,118,25715,1
75,50,19,9,105,193,1520,1
58,41,4,31,72,64,11506,0
75,28,48,1,81,21,35439,0
46,55,4,6,24,88,18297,0
37,47,37,5,46,138,10378,1
19,45,15,32,89,16,9542,0
54,68,35,2,194,107,19164,1
81,25,0,27,83,63,14851,0
44,63,32,45,41,121,31340,1
41,33,7,35,39,192,42403,1
93,41,13,46,98,99,47266,1
57,51,3,37,67,94,25045,1
87,36,19,49,182,35,15901,0
69,58,6,48,128,128,19846,1
64,28,36,32,173,186,42690,1
88,56,25,14,147,62,45143,0
48,35,14,5,127,128,40175,1
83,37,30,21,14,94,12459,1
10,54,23,19,0,138,1229,1
98,67,19,42,145,75,47600,1
33,29,44,3,149,101,32189,1
28,44,15,32,68,95,33458,1
36,54,45,40,77,125,32432,1
92,44,23,0,76,85,6877,0
71,25,22,2,87,174,34505,1
99,52,4,43,181,24,19407,0
97,37,39,40,105,64,44696,1
65,48,15,11,74,154,36396,1
99,42,46,40,176,112,3387,1
36,65,31,39,119,52,27681,1
57,25,14,18,165,84,30243,0
55,25,28,41,191,50,12051,0
92,65,45,49,45,14,26723,0
50,39,14,14,64,194,20483,1
66,34,29,5,118,119,26617,1
40,37,28,17,105,67,7267,0
89,59,26,6,78,101,404,1
68,46,22,38,194,61,22558,1
10,47,43,14,49,65,30935,1
38,26,40,12,43,176,2282,1
77,47,9,9,33,9,48259,0
64,56,5,49,87,10,14253,0
49,51,40,30,153,192,18063,1
56,43,36,4,174,101,6756,1
54,59,17,12,38,23,581,0
41,44,27,44,10,115,11178,1
91,56,27,17,146,130,45421,1
46,31,40,0,124,163,26597,1
26,54,3,17,31,133,23878,1
52,68,32,35,108,127,40060,1
29,36,28,44,148,35,23208,0
71,64,36,47,117,30,17450,0
43,68,1,39,169,26,30163,0
63,61,17,0,168,64,29182,0
77,57,23,20,71,161,2714,1
22,26,34,15,109,5,47486,0
23,38,0,15,92,53,33732,0
91,33,25,15,60,104,39632,1
57,25,11,47,172,46,36861,0
31,30,40,23,113,49,12716,0
84,39,6,45,86,59,11653,0
94,51,12,36,56,86,44475,1
27,39,25,21,59,109,30704,1
61,39,31,0,93,68,26364,0
45,44,4,12,82,4,3405,0
47,56,10,24,51,185,45956,1
27,25,28,14,13,54,17579,0
23,35,30,11,101,112,12858,1
43,48,3,42,182,131,49512,1
68,69,37,12,185,75,26116,1
85,41,36,36,37,125,28641,1
99,47,10,22,60,110,8334,1
65,47,1,21,129,40,1176,0
16,25,18,15,186,191,21637,1
70,44,17,23,173,124,3569,1
46,39,32,8,103,162,22770,1
31,39,16,5,64,179,16254,1
30,56,25,2,197,49,2278,0
86,61,18,22,102,76,3205,0
21,28,42,15,108,96,7636,1
65,50,8,0,30,80,43526,0
15,32,21,27,96,18,7226,0
69,25,38,10,27,3,41396,0
69,35,3,35,90,127,24571,1
58,66,10,14,120,130,36993,1
69,56,24,45,56,51,9760,0
58,45,39,4,52,160,25155,1
68,31,37,6,135,109,578,1
30,34,24,2,68,102,25507,1
68,58,12,40,144,176,47171,1
25,69,29,19,128,96,22928,1
55,54,10,26,192,74,13836,0
81,68,24,31,95,174,24282,1
65,49,18,7,53,159,44958,1
47,36,42,40,120,86,41553,1
95,66,29,20,93,170,1983,1
39,54,16,7,13,133,26604,1
75,61,5,32,122,60,16356,0
39,26,48,23,35,11,3896,0
42,46,40,25,176,80,7682,1
30,57,43,9,138,127,14272,1
78,42,27,6,154,34,22450,0
52,67,13,11,109,40,6321,0
73,57,23,30,79,188,5072,1
19,50,18,17,127,115,46291,1
95,34,40,46,103,148,8913,1
34,39,25,14,18,91,5875,1
78,53,38,24,106,137,3460,1
42,69,28,30,163,89,6553,1
20,44,48,0,153,144,37014,1
59,37,44,35,27,184,16345,1
64,66,38,48,49,186,7649,1
20,63,18,17,31,9,38202,0
18,59,39,9,46,83,49655,1
60,50,8,32,179,173,44239,1
94,47,18,9,54,74,23916,0
81,63,38,7,197,155,23427,1
37,40,27,8,153,39,23068,0
99,26,2,11,147,146,410,1
91,29,28,3,46,86,48352,0
82,54,14,1,43,102,28611,0
81,57,44,6,144,98,3310,1
91,50,42,48,61,18,26803,0
54,42,11,4,151,59,12821,0
43,68,42,1,138,184,34244,1
83,66,42,42,60,143,42425,1
90,57,4,37,121,176,6790,1
97,31,48,43,150,11,25925,0
38,26,6,15,176,81,47530,0
24,66,14,44,166,188,23073,1
33,25,16,11,29,2,47408,0
16,27,27,27,84,163,41088,1
17,34,1,26,74,167,42453,1
73,58,22,5,138,93,32531,0
72,63,45,18,63,147,19609,1
46,56,34,35,153,87,41967,1
34,42,21,13,145,38,37622,0
74,30,32,46,158,10,39961,0
28,51,11,48,57,126,40128,1
21,63,37,41,159,185,40622,1
93,50,36,34,190,166,24922,1
22,26,46,17,18,47,20981,0
92,50,41,36,31,117,42985,1
27,67,41,22,20,182,44167,1
75,26,10,47,186,33,40262,0
70,39,14,4,97,170,14992,1
43,63,1,12,78,91,11436,0
37,67,19,36,164,191,16923,1
89,49,37,32,43,135,47397,1
78,69,41,40,74,12,180,0
82,26,22,41,83,153,40167,1
88,42,34,18,187,104,28628,1
10,45,3,45,129,188,37884,1
62,44,15,12,112,174,27456,1
94,53,44,8,73,80,14098,1
41,29,43,45,32,60,46464,1
19,67,28,8,118,2,23933,0
28,53,1,41,122,39,37951,0
31,65,49,26,120,100,20824,1
30,27,40,26,123,121,26932,1
36,68,7,47,0,43,14845,0
76,55,25,5,108,44,19462,0
95,57,0,49,170,32,2420,0
48,41,5,17,69,147,49674,1
65,27,30,15,99,197,32056,1
23,42,30,33,93,177,23326,1
42,56,3,27,42,169,47418,1
78,47,13,37,61,110,768,1
73,57,22,34,75,180,31337,1
40,49,31,29,11,160,11234,1
44,48,24,16,130,57,5267,0
47,57,23,1,149,71,30572,0
79,68,34,31,151,133,35119,1
53,43,29,7,133,13,10041,0
98,63,21,49,88,130,24944,1
60,69,27,9,152,79,5023,0
19,34,19,36,46,134,4857,1
24,67,3,41,153,171,46292,1
56,35,32,5,136,178,11777,1
54,41,6,19,184,188,23719,1
67,51,27,46,142,17,26233,0
21,31,41,48,131,53,24321,1
40,68,20,33,84,180,36339,1
90,40,17,29,176,192,2292,1
56,62,11,31,135,73,46433,0
64,26,5,28,22,150,23826,1
53,56,8,42,106,119,40436,1
66,41,33,40,192,56,27641,1
83,56,17,46,9,40,37319,0
87,38,18,1,87,56,26411,0
60,53,48,25,28,10,1818,0
44,32,42,14,190,116,33367,1
71,61,34,22,181,30,24327,0
82,40,12,12,92,181,21151,1
61,59,18,44,52,122,4294,1
88,64,20,14,10,145,2137,1
97,30,42,47,116,96,4995,1
61,68,28,3,149,127,17492,1
97,29,1,19,189,91,1540,0
55,36,35,27,21,159,12949,1
15,29,20,40,109,92,47661,1
89,49,20,23,16,113,48525,1
75,62,23,43,127,111,15565,1
19,27,1,6,176,42,40778,0
11,25,1,29,3,16,38276,0
15,66,21,21,93,128,966,1
84,54,10,20,140,61,49643,0
88,51,20,10,4,109,2548,1
56,37,23,20,131,119,18771,1
26,40,32,13,85,82,48753,1
27,55,5,35,1,185,8819,1
21,42,47,26,135,49,36777,1
93,55,25,48,23,134,7850,1
46,51,10,21,171,144,46493,1
75,27,41,31,78,177,3847,1
65,51,38,18,180,37,3241,0
60,43,27,49,103,76,19362,1
69,54,3,1,26,127,45047,1
33,29,14,43,75,89,22278,1
40,69,26,0,152,98,34692,1
32,31,40,31,128,63,20899,1
33,63,2,8,9,189,44496,1
77,41,46,0,6,152,6085,1
41,67,3,29,116,24,36444,0
37,26,22,34,140,2,22357,0
26,51,10,30,152,189,49439,1
29,52,23,32,65,51,14160,0
10,41,12,28,94,49,19957,0
88,64,22,43,132,180,10849,1
75,38,4,5,82,160,1687,1
98,54,12,11,121,73,12072,0
35,67,12,19,196,77,4870,0
12,25,36,30,191,64,7812,1
48,43,5,21,87,68,24814,0
46,34,16,34,162,84,39865,1
93,56,15,8,111,39,40190,0
77,33,18,40,23,6,45715,0
90,61,40,31,8,112,2247,1
88,31,39,33,16,78,43915,1
17,25,4,12,140,183,16385,1
63,47,26,8,69,11,26209,0
80,57,39,25,3,142,29277,1
30,57,21,38,152,166,35594,1
78,27,22,9,36,125,33252,1
91,48,28,1,157,103,15663,1
85,51,18,14,86,112,9999,1
10,52,13,42,20,91,9503,1
10,31,41,23,103,137,8320,1
39,29,25,42,70,118,2419,1
19,56,14,34,99,51,26441,0
68,69,32,31,3,73,36362,1
50,27,25,30,61,157,39836,1
35,51,24,49,96,88,9090,1
15,48,38,18,109,118,16003,1
59,61,8,5,93,52,20888,0
30,41,6,41,94,128,15487,1
47,50,14,10,98,42,35607,0
38,68,17,37,168,96,13655,1
27,41,44,13,99,106,41420,1
88,69,1,34,171,33,47479,0
27,29,28,33,147,90,38129,1
37,59,31,0,184,189,33301,1
10,45,33,17,142,9,45162,0
88,42,8,45,76,116,26469,1
42,52,16,12,135,44,44822,0
69,33,47,4,118,188,24005,1
89,69,16,24,75,177,30071,1
20,28,27,40,72,137,24194,1
67,56,8,31,115,117,12920,1
38,32,21,33,27,72,42636,1
29,58,41,41,146,32,38691,0
51,36,31,33,180,198,40544,1
65,64,25,16,9,98,28061,1
55,38,36,38,41,143,38640,1
33,56,2,29,53,160,36812,1
43,60,45,20,148,157,28751,1
46,48,13,7,114,46,13319,0
37,63,45,45,78,50,7052,1
57,69,47,6,57,199,26069,1
26,25,22,5,29,176,929,1
36,61,37,36,142,124,2817,1
39,37,18,38,138,123,1708,1
38,42,12,16,97,166,6726,1
70,50,38,39,126,49,9158,1
99,64,35,27,154,129,20744,1
33,51,2,14,73,63,27745,0
57,34,5,16,87,132,47789,1
38,35,22,40,53,136,47054,1
33,49,48,19,85,49,30695,0
23,30,22,5,125,13,24896,0
64,42,18,18,113,102,8210,1
93,50,11,46,23,37,25865,0
10,64,45,13,184,76,43527,1
58,38,10,17,132,191,17106,1
85,69,48,6,77,142,34147,1
41,32,14,40,55,137,47553,1
22,69,6,22,107,190,4309,1
53,57,31,39,79,2,12808,0
86,29,26,34,115,183,12370,1
57,69,7,11,186,113,9974,1
56,42,29,28,121,126,39205,1
61,62,38,30,149,25,34854,0
75,69,33,34,63,108,19420,1
87,53,28,12,136,12,42320,0
20,38,43,31,182,24,27211,0
77,29,6,31,82,114,46148,1
22,49,39,17,48,108,11285,1
63,56,40,46,151,156,44067,1
46,31,40,8,162,160,3491,1
56,34,11,41,101,19,47345,0
27,48,16,5,151,30,20716,0
25,43,11,7,101,15,17837,0
81,40,1,38,59,149,27988,1
12,45,6,35,46,20,46095,0
75,26,42,9,198,26,46012,0
19,54,37,19,198,114,567,1
57,46,16,11,121,176,41603,1
81,49,12,22,89,19,12373,0
91,46,47,21,79,16,2620,0
67,40,18,30,24,120,21303,1
47,43,46,1,129,155,39346,1
54,47,26,3,155,43,4416,0
72,32,1,42,180,120,32555,1
79,27,24,43,107,185,6572,1
28,33,0,47,5,17,22170,0
75,38,3,49,193,184,42107,1
98,43,26,26,162,51,35926,0
12,30,7,25,17,196,2647,1
30,48,37,19,20,137,1243,1
68,48,21,42,199,181,5869,1
36,47,47,49,176,102,18709,1
58,29,32,41,122,18,47264,0
83,58,39,36,124,184,32128,1
16,56,10,24,153,24,13666,0
91,32,23,20,26,76,19965,0
84,50,26,1,76,78,7353,0
22,43,26,11,154,121,38566,1
45,31,39,42,4,129,17492,1
74,49,0,47,188,91,27408,1
47,57,48,34,40,81,23162,1
36,39,21,48,148,93,33017,1
75,69,21,41,104,48,47519,0
56,46,27,41,159,88,17183,1
64,29,34,31,161,63,48136,1
78,29,45,21,186,46,37582,0
69,56,1,39,199,101,28803,1
45,30,45,9,109,112,11834,1
71,37,46,24,119,119,3066,1
99,67,15,13,123,153,29063,1
99,66,32,5,194,77,37382,0
14,46,38,45,24,104,42801,1
15,53,30,17,193,3,13892,0
80,40,30,16,14,111,37060,1
61,67,38,42,22,48,40042,1
71,39,35,27,106,36,15588,0
61,33,3,31,12,183,48751,1
15,59,41,25,32,178,49747,1
41,53,2,33,157,166,25776,1
26,47,13,25,174,127,13264,1
60,38,44,21,4,43,1204,0
40,27,24,7,146,126,13226,1
33,59,5,37,29,28,6771,0
15,44,33,24,139,59,47827,0
25,36,13,37,188,43,22339,0
94,56,43,35,45,61,4815,1
98,35,40,36,136,180,3370,1
34,45,32,45,128,45,43195,1
84,31,31,4,24,187,39150,1
82,55,5,45,60,104,46968,1
27,52,16,28,77,83,20947,1
55,39,10,32,98,93,33012,1
32,37,14,13,184,66,22879,0
59,29,25,33,133,80,21352,1
88,64,5,44,52,51,19887,0
96,41,12,32,101,147,13108,1
97,58,13,22,65,47,37645,0
13,36,9,30,127,138,29940,1
36,26,32,8,120,139,39704,1
97,29,15,0,62,121,37791,1
59,26,15,3,118,165,7914,1
73,44,43,15,50,93,28884,1
80,42,27,31,164,183,9744,1
62,25,14,22,98,47,26028,0
37,49,40,40,82,5,25654,0
46,39,28,27,114,111,32100,1
23,44,30,35,27,28,38380,0
75,26,26,13,127,150,20199,1
76,47,30,30,80,152,11772,1
18,48,26,43,149,24,10498,0
70,57,36,27,97,187,3161,1
26,65,0,32,170,92,15917,1
13,26,41,10,114,78,24813,1
35,32,4,30,148,141,15776,1
33,42,14,38,27,167,19559,1
72,53,25,8,60,136,9343,1
60,57,28,40,131,173,30312,1
95,51,30,39,67,38,32573,0
28,68,13,32,196,78,29335,1
36,29,43,35,193,67,37996,1
42,53,11,24,81,63,318,0
60,37,16,0,171,105,44500,1
16,61,36,4,183,133,27289,1
84,65,46,30,121,146,9599,1
19,36,18,8,87,62,39070,0
97,33,35,6,169,157,5328,1
13,45,35,33,169,54,15274,1
97,40,47,14,149,195,15376,1
26,59,28,3,9,94,42610,1
37,36,18,29,185,38,38369,0
26,36,36,14,92,183,38706,1
93,54,24,41,61,20,11223,0
93,55,43,31,121,181,1079,1
94,59,26,0,172,182,16922,1
68,53,40,24,112,74,34274,1
99,39,49,41,78,128,11325,1
27,27,27,36,131,100,42516,1
42,68,15,11,55,71,11396,0
86,65,7,23,63,122,17878,1
53,27,12,18,126,198,4885,1
96,33,13,31,154,97,42944,1
28,33,11,26,140,10,35199,0
81,56,39,16,23,173,46462,1
73,65,9,4,32,39,8092,0
12,42,49,49,96,162,4962,1
82,61,35,10,94,199,21442,1
77,39,13,33,51,141,24583,1
66,26,42,29,103,132,6601,1
75,51,46,6,191,78,43590,1
48,63,22,26,82,192,45688,1
58,35,12,11,120,71,7539,0
52,60,1,25,191,33,23271,0
86,40,47,27,175,174,398,1
95,56,24,29,16,2,21278,0
55,36,17,36,93,155,8291,1
29,30,28,3,14,65,17555,0
10,63,18,4,102,172,7628,1
23,64,46,28,85,163,47233,1
86,42,47,35,138,82,32381,1
41,63,10,41,79,61,36076,0
57,43,11,28,88,1,49214,0
46,30,24,24,45,143,30386,1
78,52,37,36,144,162,13942,1
96,61,2,30,160,115,18965,1
84,34,26,21,54,27,33118,0
54,59,23,26,198,83,9935,1
73,58,32,9,135,60,30846,0
67,26,34,7,74,148,47178,1
26,64,21,33,29,74,5691,1
81,47,48,37,32,3,5791,0
29,27,12,18,177,21,9491,0
34,59,26,21,83,115,22921,1
18,50,2,26,11,125,8526,1
29,68,6,3,38,139,16587,1
95,40,18,47,169,171,6875,1
79,50,43,40,134,43,47381,1
51,33,14,34,24,70,36057,0
59,27,18,6,176,115,25973,1
50,64,8,22,32,105,24945,1
10,26,10,24,27,77,48418,0
40,64,29,13,24,168,29765,1
15,36,1,3,154,14,41073,0
43,56,19,42,129,98,27849,1
11,55,0,18,199,12,37042,0
22,56,29,10,18,77,38429,0
87,32,21,11,62,124,9409,1
46,29,10,15,101,47,14593,0
50,64,5,48,84,53,6016,0
98,44,3,47,115,152,49019,1
95,64,14,37,85,125,40276,1
36,40,3,30,100,52,41219,0
66,51,45,18,44,73,27841,1
18,53,26,26,91,109,993,1
53,60,30,20,68,91,8248,1
64,51,8,21,176,188,1143,1
85,31,11,10,150,112,48349,1
54,50,37,36,31,16,22638,0
90,66,21,37,171,126,14990,1
36,61,33,19,180,93,49427,1
18,60,46,42,7,14,5148,0
73,36,7,16,83,78,3593,0
84,31,12,40,135,199,26927,1
18,25,21,5,152,42,38086,0
89,29,6,3,157,60,4786,0
38,45,29,21,7,133,35961,1
62,51,36,36,136,199,381,1
32,40,25,1,72,90,3337,0
11,69,10,33,13,69,29440,0
98,56,38,1,75,45,26858,0
18,30,21,10,18,22,19440,0
49,58,22,2,149,86,16654,0
52,35,47,20,195,9,6759,0
18,44,48,20,86,194,30439,1
50,32,6,32,9,131,46052,1
57,62,27,24,96,32,42730,0
11,57,30,33,153,71,48122,1
55,31,17,4,81,188,23264,1
91,30,1,45,27,87,44363,1
94,68,32,30,122,160,45563,1
44,59,27,27,184,82,13163,1
67,38,38,39,31,40,48081,0
43,26,32,25,38,133,29149,1
80,39,33,15,92,74,782,1
33,31,42,20,170,71,42564,1
50,40,14,44,165,99,38437,1
85,34,20,12,158,127,33888,1
12,66,2,33,167,197,33844,1
70,49,32,3,52,75,23788,0
23,25,45,2,12,63,24616,0
43,30,47,21,146,171,49741,1
23,40,14,10,176,22,20990,0
23,66,18,47,184,190,7626,1
72,42,47,32,125,28,25020,0
35,44,37,46,156,109,20929,1
77,38,20,20,169,136,43049,1
54,28,18,10,156,30,23347,0
38,36,40,29,123,10,10860,0
88,39,48,43,41,66,45518,1
96,61,45,26,166,49,32776,0
80,47,3,46,65,35,11096,0
24,53,16,14,108,183,42786,1
15,35,3,8,196,180,37240,1
36,55,35,7,118,5,5992,0
17,58,46,26,194,165,7559,1
83,47,0,0,130,18,9222,0
53,64,22,27,168,86,17652,1
45,42,44,31,99,160,6378,1
34,29,43,31,176,83,47294,1
67,26,7,49,102,97,21430,1
21,32,12,6,15,97,42436,0
27,40,14,5,194,146,4925,1
51,62,35,49,47,61,20328,1
25,63,39,29,133,184,46583,1
91,47,49,17,164,53,4195,0
57,61,48,26,91,28,14327,0
42,31,15,38,3,91,7508,1
11,33,5,0,160,77,41618,0
10,28,32,0,13,199,31952,1
13,27,5,18,172,101,176,1
87,66,3,29,116,145,5936,1
11,64,17,36,180,106,7075,1
20,55,49,26,130,175,43904,1
93,43,27,0,83,47,35909,0
27,62,15,8,109,183,35314,1
76,39,41,7,1,157,19330,1
75,27,48,22,122,7,38410,0
68,28,24,4,180,88,1120,0
27,59,24,36,63,4,30623,0
80,65,28,34,115,60,27754,1
84,27,43,10,121,124,30811,1
52,28,28,28,27,180,19560,1
12,40,39,49,59,67,31303,1
80,45,40,36,146,54,26141,1
65,42,38,35,135,45,37875,0
99,26,26,46,167,44,27157,0
98,53,6,37,112,38,7968,0
55,54,39,38,29,144,7981,1
66,44,11,11,139,173,40842,1
61,37,46,36,157,84,7175,1
52,61,44,18,6,176,16067,1
28,25,27,37,135,143,20738,1
42,51,47,41,142,129,47915,1
90,61,49,49,140,147,747,1
99,63,17,16,174,106,25036,1
91,38,0,13,102,8,27016,0
79,31,40,47,24,59,542,1
79,66,11,41,85,45,26128,0
47,60,4,8,110,92,48786,0
58,41,49,8,68,37,4248,0
44,36,46,10,9,117,9565,1
24,56,11,18,3,73,17196,0
35,62,40,29,124,116,4258,1
84,63,32,11,194,159,26018,1
16,48,39,6,74,8,49013,0
40,64,30,27,75,45,49698,0
63,61,36,34,84,92,28870,1
51,39,40,18,19,125,39983,1
18,61,8,36,130,69,4518,0
88,26,44,20,0,136,10906,1
38,54,32,4,50,122,41566,1
31,26,40,31,115,112,5389,1
54,61,27,19,197,85,45460,1
20,57,23,26,66,158,31252,1
71,26,3,5,69,129,48064,1
47,56,10,26,52,12,11904,0
18,57,27,32,145,156,46588,1
17,66,8,15,168,171,27990,1
41,54,41,18,116,80,2940,1
47,65,43,16,92,19,2258,0
94,66,26,38,143,49,8241,0
77,53,12,35,194,52,1490,0
67,39,16,39,151,16,48470,0
84,33,24,34,46,20,35506,0
99,42,2,24,94,176,33433,1
77,27,16,9,164,50,22522,0
15,68,19,46,24,37,16177,0
20,35,33,17,95,124,7838,1
99,27,37,8,160,10,42192,0
42,25,12,33,135,181,49908,1
49,48,1,0,154,40,2184,0
51,50,14,49,64,18,22165,0
10,33,38,41,21,195,27610,1
42,33,6,35,110,117,43832,1
52,42,2,20,123,186,36578,1
41,66,46,30,16,126,6207,1
98,66,13,44,28,22,34264,0
57,44,37,12,42,147,35321,1
20,63,8,10,39,94,15944,0
43,39,39,3,20,15,33390,0
71,55,21,28,177,147,41701,1
49,31,2,16,26,150,31017,1
42,44,22,24,107,36,38614,0
46,33,37,8,17,120,17549,1
44,63,12,15,3,136,27658,1
98,67,6,19,105,169,5894,1
76,66,11,23,90,165,1414,1
21,43,8,27,35,102,38411,1
18,50,17,14,82,127,17222,1
82,48,24,28,54,51,18289,0
97,63,24,24,12,189,45518,1
47,26,46,30,73,186,9791,1
89,69,4,16,124,81,21508,0
34,58,24,11,81,173,42983,1
12,46,31,21,0,127,28062,1
55,25,10,33,183,105,3685,1
88,53,44,40,36,178,41376,1
55,62,29,9,159,149,15512,1
11,40,39,19,4,114,14955,1
79,58,14,18,40,186,8506,1
77,50,26,13,91,149,47438,1
90,57,16,12,83,153,32428,1
21,44,10,7,157,7,26613,0
99,48,41,1,59,56,38672,0
70,38,38,34,96,87,8844,1
80,68,7,6,69,47,39402,0
78,36,29,3,123,140,2967,1
76,36,43,16,119,30,34637,0
12,65,11,34,47,43,16083,0
62,29,41,0,112,110,4707,1
59,48,22,24,118,19,517,0
80,36,24,23,163,176,25433,1
77,27,42,35,136,129,4641,1
72,43,33,24,108,66,5138,1
15,67,16,25,84,111,25780,1
86,26,3,2,24,100,39777,0
75,69,36,13,173,158,1348,1
79,34,23,8,138,10,11151,0
89,32,44,16,95,104,44428,1
77,61,40,9,108,3,12397,0
91,39,43,9,12,53,9915,0
88,41,29,20,77,71,43199,0
33,46,23,25,199,135,14345,1
24,56,7,23,94,128,38167,1
76,55,24,27,101,21,36142,0
62,38,6,33,79,16,44515,0
13,29,38,15,165,171,34184,1
77,25,34,35,4,10,28407,0
28,40,33,2,152,193,7045,1
84,30,3,13,164,185,6470,1
29,54,40,28,36,48,23444,0
21,55,1,44,105,52,1384,0
85,47,21,24,198,165,25632,1
17,28,31,26,140,198,49770,1
41,25,0,42,182,72,6972,0
54,67,38,15,141,44,42611,0
58,57,20,46,38,170,15085,1
74,29,47,4,66,164,44335,1
39,37,36,20,118,3,11195,0
92,36,38,31,155,10,19926,0
41,65,32,45,105,172,29077,1
75,46,39,45,70,98,40018,1
92,48,41,24,93,21,40395,0
56,57,12,45,44,95,46684,1
22,60,3,18,93,0,2660,0
84,57,0,49,16,33,3331,0
28,56,8,25,120,166,22332,1
99,45,36,24,95,48,48876,0
34,34,19,10,130,125,22092,1
74,65,44,49,25,5,24160,0
74,40,43,19,138,174,42747,1
93,46,37,3,69,116,30405,1
35,58,3,47,108,23,28962,0
55,38,29,25,161,108,31734,1
84,32,14,33,68,82,44364,1
53,31,25,6,46,160,21293,1
23,42,38,44,70,153,28497,1
55,61,32,33,1,63,47243,1
60,48,32,26,173,65,45760,1
75,31,33,8,144,127,17459,1
51,60,1,41,74,121,9684,1
63,61,29,27,121,43,11726,0
83,33,8,19,104,71,5714,0
11,43,23,37,28,82,5620,1
58,59,41,42,53,104,18263,1
81,32,30,23,93,171,2575,1
22,66,47,45,77,33,30674,1
95,61,15,26,53,33,539,0
93,37,20,30,147,193,19563,1
73,46,38,48,158,82,29891,1
78,41,21,22,33,88,42137,1
62,27,41,6,117,72,23835,0
42,47,14,23,159,10,8788,0
96,68,36,19,174,141,5585,1
83,64,7,11,83,165,3573,1
12,59,25,17,53,17,14671,0
72,53,23,45,80,108,35956,1
97,38,48,26,122,131,35522,1
87,60,30,19,74,27,30315,0
87,61,12,40,170,176,35619,1
64,58,2,16,75,167,43775,1
47,60,26,35,24,33,29330,0
43,57,3,16,187,58,22999,0
29,66,5,31,196,139,14827,1
75,26,28,17,97,57,29922,0
37,29,38,27,18,108,31743,1
19,27,9,19,116,86,9486,0
25,43,0,9,190,139,18626,1
25,26,37,35,180,50,34378,1
89,47,26,2,65,45,7499,0
53,28,48,13,117,43,40846,0
40,56,32,23,104,121,14679,1
53,40,29,37,176,161,45475,1
70,69,25,46,92,109,20446,1
32,44,10,17,70,15,2172,0
15,51,10,24,196,22,31927,0
88,34,11,2,114,85,3490,0
78,56,16,25,120,182,34488,1
77,69,26,3,61,10,3243,0
42,28,29,4,57,74,37312,0
18,38,39,37,93,38,24447,0
48,31,26,10,23,47,35420,0
47,63,41,20,170,186,20530,1
39,39,2,30,137,50,19582,0
67,35,40,21,175,93,44621,1
24,31,6,37,52,114,49052,1
81,50,6,47,196,61,36429,0
79,31,47,47,141,56,33294,1
86,56,35,3,67,109,6837,1
47,39,42,0,188,13,11904,0
56,36,22,6,119,138,2967,1
79,48,32,9,90,53,17566,0
59,27,24,15,65,41,13218,0
56,30,35,19,33,132,8874,1
31,26,40,0,106,32,46299,0
55,69,34,7,75,5,35820,0
98,69,7,10,23,131,8629,1
24,37,1,33,117,73,39733,0
61,52,45,35,22,198,49589,1
87,48,32,39,112,48,32023,0
94,69,20,19,96,121,28344,1
35,57,11,5,89,84,2982,0
60,36,8,35,24,65,24272,0
34,45,14,23,167,191,24286,1
66,48,9,43,160,46,8928,0
55,48,15,36,162,148,33486,1
97,51,33,11,175,195,13930,1
56,55,48,1,196,103,26748,1
88,44,25,18,122,193,42341,1
60,29,33,13,42,138,38998,1
66,62,7,39,15,30,46185,0
13,68,25,8,41,61,22370,0
12,29,43,37,67,106,45607,1
42,44,27,24,62,166,25827,1
22,43,29,8,9,6,38077,0
84,53,38,39,31,40,6058,0
49,46,43,7,9,31,25527,0
94,55,40,34,165,195,8456,1
29,34,3,7,122,83,14662,0
62,32,22,1,143,132,41421,1
47,29,3,5,116,195,39315,1
47,35,16,10,134,192,15396,1
26,35,3,3,165,185,20406,1
90,46,49,24,24,92,31747,1
41,28,31,3,106,24,40766,0
30,65,44,40,190,66,39687,1
24,46,48,40,63,57,14274,1
76,59,43,12,86,127,10866,1
80,56,48,5,64,32,27753,0
18,63,25,17,6,151,6174,1
64,42,34,37,198,45,48922,0
91,46,10,23,102,177,16596,1
36,63,29,11,59,85,5592,1
54,32,21,48,191,20,19785,0
32,51,34,19,20,172,30452,1
51,44,39,44,156,41,45485,1
37,59,31,1,85,128,39085,1
11,42,3,11,121,73,40169,0
45,49,44,14,123,0,13646,0
81,36,40,9,87,49,41869,0
20,66,39,45,49,56,11882,1
25,40,23,43,181,80,7251,1
55,32,3,35,76,75,46802,0
32,31,37,31,95,47,9362,0
66,57,6,22,151,98,25776,1
83,41,0,7,102,30,42886,0
32,48,18,28,92,140,30359,1
16,53,34,8,170,66,8020,0
22,45,12,0,98,18,48915,0
59,48,33,31,107,79,38858,1
57,64,4,18,196,153,30660,1
91,44,45,5,144,48,42542,0
34,31,44,6,42,159,8093,1
18,28,37,30,22,189,33503,1
21,51,8,22,17,195,37598,1
56,59,2,48,3,111,34905,1
32,35,11,48,32,145,39773,1
54,34,34,1,195,18,45249,0
62,51,28,41,121,75,33655,1
19,32,2,35,71,75,6671,0
52,30,5,19,67,97,25430,1
48,35,36,34,158,23,2688,0
34,32,23,1,56,163,19619,1
24,66,33,25,22,104,39338,1
71,27,0,45,188,95,15147,1
28,46,1,20,104,126,14307,1
24,59,30,33,24,127,31822,1
98,66,7,16,60,186,1323,1
31,51,10,0,146,13,30394,0
25,38,18,9,13,85,5107,0
32,31,41,18,199,116,32051,1
62,60,25,38,58,67,32577,1
75,25,33,49,96,160,805,1
62,48,23,20,111,40,28012,0
13,26,24,19,58,84,23281,1
39,39,4,8,21,148,36172,1
37,43,37,45,119,142,11051,1
64,38,30,15,146,189,44712,1
99,38,19,6,89,15,10416,0
22,54,3,9,32,116,25525,1
75,53,25,2,174,99,24733,1
65,40,48,32,84,120,49950,1
71,30,11,18,199,83,31419,0
57,48,21,34,87,128,27081,1
44,42,26,1,66,1,39442,0
76,44,19,13,170,141,7670,1
38,60,3,46,89,173,5818,1
50,65,46,3,42,118,5610,1
77,43,48,41,188,15,29868,0
29,36,22,12,58,87,10324,1
92,29,8,4,183,127,17255,1
16,26,37,35,49,179,1594,1
39,39,36,33,59,42,8543,0
18,28,39,4,144,48,18818,0
47,50,41,21,38,41,16841,0
39,69,18,4,10,86,36224,0
32,51,18,13,106,101,865,1
97,46,2,10,114,63,4370,0
69,25,7,4,166,56,43059,0
81,36,39,22,197,34,29425,0
85,49,10,37,55,190,36304,1
38,46,30,48,145,191,33743,1
69,48,48,32,171,15,10520,0
89,58,47,0,186,16,483,0
66,60,23,17,25,58,39866,0
86,36,45,19,71,169,2688,1
51,56,27,6,138,177,42466,1
39,47,49,25,0,71,49032,1
38,65,28,14,6,179,28518,1
55,64,21,14,183,43,36613,0
13,39,31,20,177,47,43900,0
28,51,33,11,154,27,18177,0
29,44,10,30,62,161,11315,1
92,36,3,26,36,169,12155,1
79,28,30,15,45,137,5315,1
55,40,24,49,26,125,30289,1
87,36,14,0,192,74,2867,0
64,68,27,3,3,183,43889,1
38,28,7,16,26,10,11893,0
46,57,6,1,129,87,48228,0
53,38,29,35,96,56,16682,0
29,48,31,45,25,15,14613,0
28,63,24,44,4,71,33870,1
56,37,43,24,199,100,14079,1
22,55,35,39,76,133,33346,1
40,26,30,44,104,194,17219,1
37,60,25,35,0,111,42146,1
89,64,12,7,111,57,32994,0
85,58,34,17,19,31,13224,0
91,41,5,13,178,160,409,1
22,43,16,2,54,24,12540,0
97,31,43,38,19,107,4830,1
79,52,45,0,62,119,6757,1
86,58,33,22,190,125,38178,1
58,52,25,8,91,112,46469,1
32,65,48,45,196,62,16321,1
23,25,46,28,5,95,47193,1
73,50,34,38,45,192,17079,1
45,52,2,14,83,195,18056,1
42,68,0,5,174,35,8763,0
96,36,23,23,43,191,21383,1
39,28,16,29,35,67,45603,0
25,25,20,12,58,122,21746,1
40,35,16,14,109,3,124,0
23,34,11,8,67,68,43055,0
84,36,13,33,145,88,46533,1
17,31,8,24,159,193,4262,1
88,61,28,30,85,18,7375,0
78,28,16,43,88,173,8966,1
63,69,10,28,20,49,41250,0
47,66,10,31,168,152,9296,1
88,69,8,7,71,92,27886,0
82,25,26,13,26,90,24302,1
89,37,17,45,12,197,49869,1
22,46,25,19,174,72,16493,0
34,60,40,1,54,12,41856,0
70,38,10,7,107,124,13945,1
39,38,44,24,99,110,1422,1
13,66,43,32,36,182,10597,1
11,43,12,45,56,160,40601,1
64,34,7,19,68,37,15338,0
50,30,37,27,188,94,41119,1
72,47,10,18,147,9,24412,0
16,40,29,49,29,115,13704,1
25,48,4,39,10,140,49521,1
10,68,0,39,47,45,2643,0
44,62,23,37,160,34,30260,0
31,29,7,49,55,41,20709,0
47,64,5,7,147,2,45672,0
49,58,2,23,120,196,26361,1
46,53,37,26,22,93,20333,1
44,64,3,49,163,159,2888,1
75,51,22,22,13,11,21377,0
94,40,30,16,74,74,17914,0
47,51,11,10,138,45,26469,0
50,55,12,12,154,29,27562,0
40,52,28,3,74,42,13088,0
94,57,8,23,183,15,30694,0
68,66,6,10,146,70,18832,0
67,40,6,14,151,185,5265,1
96,32,45,26,83,34,3852,0
21,27,1,35,28,149,44744,1
30,53,40,48,1,43,6518,1
86,65,28,7,69,172,17601,1
34,69,37,20,94,23,7690,0
72,40,12,11,142,8,29191,0
54,56,21,13,116,170,16717,1
73,64,2,14,33,75,43862,0
89,32,21,48,129,36,41133,0
51,63,3,0,18,60,34293,0
47,69,1,3,170,58,6787,0
21,31,46,24,77,75,29783,1
62,56,4,36,135,87,47889,1
33,39,21,3,115,138,26831,1
31,56,32,38,103,92,28405,1
37,53,39,23,30,60,26055,1
17,50,4,37,98,57,28912,0
28,38,8,32,162,141,45500,1
15,62,35,3,50,163,48297,1
47,55,39,21,37,166,48148,1
49,49,13,28,180,75,14836,0
93,32,9,38,128,130,32770,1
19,52,3,13,199,177,8408,1
52,68,33,37,116,140,38434,1
26,50,6,6,115,10,48972,0
27,42,43,29,192,105,18947,1
30,48,18,49,103,140,48272,1
41,56,40,31,158,146,35789,1
65,62,23,37,131,168,19342,1
70,41,25,28,86,79,8961,1
75,40,15,14,177,157,14898,1
69,36,44,37,198,55,44736,1
50,33,17,31,184,166,28869,1
15,54,33,47,124,98,30401,1
82,39,23,47,36,183,6356,1
77,29,10,13,86,84,49778,0
68,35,5,26,77,44,37875,0
93,26,27,6,39,198,16627,1
12,47,5,8,50,191,26836,1
33,50,6,36,123,199,20708,1
78,44,26,37,130,182,2091,1
64,34,11,3,150,191,44612,1
69,62,33,44,196,170,25004,1
90,63,20,36,23,187,33733,1
70,33,40,19,75,57,460,0
44,62,13,37,5,192,11086,1
12,40,42,31,161,188,18721,1
44,66,4,35,132,197,19016,1
97,44,9,37,10,15,39172,0
90,31,6,9,131,193,7220,1
75,59,30,34,185,157,21898,1
38,31,6,48,74,125,22914,1
54,35,38,20,128,60,39997,0
46,48,41,34,124,27,25435,0
48,27,34,12,159,36,17060,0
12,49,18,42,59,155,2563,1
99,25,32,22,70,191,29092,1
62,37,24,18,170,172,12594,1
51,60,15,21,54,38,20825,0
25,45,48,35,127,157,49870,1
50,50,10,22,79,33,36522,0
11,33,42,21,47,172,29885,1
87,57,20,24,67,189,33516,1
59,47,17,20,116,174,9301,1
99,54,37,23,124,141,15891,1
53,50,14,39,46,169,200,1
61,59,47,40,188,80,18000,1
88,62,34,10,148,152,19333,1
26,26,13,29,141,99,11814,1
54,67,26,11,191,40,41950,0
64,49,7,6,153,198,4129,1
85,44,29,1,71,155,41211,1
96,64,8,31,63,109,41055,1
55,43,24,30,68,102,38253,1
20,25,25,46,111,99,32418,1
61,31,30,14,40,113,45871,1
30,47,9,1,40,196,1966,1
62,61,3,22,73,187,43294,1
47,56,35,27,74,36,24076,0
73,44,31,21,150,20,30683,0
68,68,10,13,129,41,2669,0
64,38,4,49,30,189,30731,1
79,57,43,22,168,149,29341,1
62,58,41,10,84,194,10923,1
90,33,7,35,69,116,3449,1
95,40,19,7,182,192,49189,1
93,67,26,3,37,139,25792,1
57,28,4,33,135,23,5809,0
15,27,18,49,88,160,46270,1
26,69,17,29,177,61,4316,0
99,52,45,18,60,18,40512,0
56,61,12,23,90,88,11552,1
13,31,13,24,118,111,22633,1
70,67,14,36,14,112,24735,1
85,48,49,23,92,51,3157,1
24,36,45,10,134,166,41753,1
29,51,21,19,186,27,47915,0
62,54,1,18,63,174,18165,1
24,48,34,43,11,189,27312,1
46,46,29,19,156,88,3473,1
97,61,38,8,143,72,40636,0
46,69,19,21,92,34,21380,0
24,30,20,35,9,165,10600,1
19,46,43,0,80,101,7119,1
73,29,32,28,91,77,28989,1
85,57,18,31,97,188,48629,1
35,39,32,44,12,91,29241,1
68,65,45,13,151,65,42078,1
43,61,31,17,170,11,48777,0
85,62,8,44,53,138,6736,1
43,69,21,43,58,93,17938,1
96,38,2,36,125,73,47769,0
41,46,5,13,167,61,31890,0
61,43,28,28,80,81,14497,1
65,30,37,23,149,11,43440,0
51,65,2,45,100,58,14186,0
89,29,11,7,132,193,31202,1
11,45,13,5,72,76,5525,0
29,67,2,9,123,68,16633,0
80,50,13,2,130,104,34265,0
36,28,16,26,72,118,6250,1
50,50,19,16,144,76,49353,0
61,65,26,16,36,111,29624,1
31,59,41,12,45,135,8164,1
17,41,19,28,34,177,8652,1
72,27,24,6,192,154,424,1
75,40,25,28,15,58,43479,0
94,42,27,22,196,105,25033,1
14,35,0,15,72,122,39042,1
71,66,16,26,148,121,12449,1
41,27,4,45,146,68,45759,0
85,45,15,33,74,60,49386,0
47,38,4,49,81,77,19131,1
24,69,27,12,81,128,4927,1
90,40,23,11,123,89,49757,1
30,67,48,41,47,99,23759,1
27,29,27,16,195,179,5615,1
97,68,37,5,41,179,16285,1
77,51,30,43,111,82,4374,1
60,61,45,32,4,82,21904,1
21,49,30,36,108,6,935,0
41,31,17,15,141,149,9212,1
11,65,42,6,25,7,30382,0
52,44,25,29,32,58,15547,0
27,26,21,33,62,26,47280,0
38,53,37,38,46,95,448,1
76,29,25,40,169,115,14352,1
13,49,15,46,21,144,12459,1
62,39,3,41,154,102,13933,1
42,57,24,49,77,37,27197,0
16,67,8,39,27,0,19289,0
13,52,23,28,107,75,12800,1
98,57,19,35,59,9,30467,0
44,27,46,30,170,111,39109,1
25,29,24,8,152,145,4550,1
24,28,7,24,86,111,8097,1
51,55,41,42,148,174,22149,1
25,59,18,49,13,31,34995,0
32,35,43,9,61,137,26391,1
32,68,18,47,193,55,7622,0
75,37,48,48,165,94,12618,1
77,46,15,34,33,110,28464,1
47,68,19,3,122,167,21517,1
56,63,33,22,112,174,12256,1
73,62,41,15,112,144,39509,1
38,66,17,46,18,74,2545,1
94,61,25,15,186,107,48886,1
15,63,43,7,51,129,3666,1
16,46,44,9,110,104,36070,1
80,64,18,6,171,28,17570,0
48,25,13,9,7,112,35573,1
27,31,21,36,24,153,29599,1
82,29,20,20,62,76,43239,0
13,27,31,6,54,112,26440,1
50,51,20,18,21,174,13908,1
12,58,47,13,71,76,7852,1
98,65,44,47,27,138,16684,1
78,51,25,35,106,13,37886,0
19,28,11,18,88,166,39705,1
70,63,44,7,151,83,15873,1
52,49,0,35,188,194,8606,1
56,40,49,27,174,170,39520,1
25,28,48,3,82,1,26923,0
37,31,43,45,69,70,11836,1
50,29,6,25,124,6,16546,0
92,54,10,31,125,49,38001,0
21,51,13,39,37,70,14365,1
92,48,7,19,169,188,3033,1
30,37,29,15,27,13,14666,0
52,55,20,23,16,77,14476,0
42,51,27,36,28,147,32346,1
31,43,26,21,163,107,3469,1
55,46,38,31,188,74,42876,1
37,42,16,14,3,164,27434,1
16,36,26,49,74,51,14414,1
66,28,40,41,9,181,12230,1
26,54,28,4,42,184,25582,1
82,48,40,32,160,62,36701,1
28,25,9,24,146,148,1037,1
90,50,16,21,198,47,44362,0
38,46,27,6,56,119,18660,1
83,35,12,26,80,163,37822,1
83,69,5,44,110,178,355,1
68,52,4,26,167,104,4264,1
69,62,0,21,121,123,39620,1
52,49,30,19,172,127,5338,1
14,44,41,42,184,159,3998,1
23,50,24,36,110,0,49563,0
79,33,30,19,170,18,2945,0
15,66,28,35,137,114,36177,1
13,44,31,17,81,16,27736,0
31,62,32,8,145,184,39422,1
67,53,7,23,31,48,48785,0
66,54,24,12,3,25,37214,0
47,27,12,19,7,78,27761,0
31,43,27,22,105,167,32308,1
97,37,25,7,72,174,14892,1
52,36,7,28,164,10,37807,0
94,38,42,33,178,190,20738,1
81,69,12,22,76,166,31909,1
72,64,32,44,132,54,12717,1
73,34,15,0,43,185,27644,1
53,31,30,38,33,159,47418,1
43,33,24,45,137,132,41737,1
70,48,41,1,195,8,24497,0
30,69,11,40,60,52,21998,0
52,67,2,37,106,182,42010,1
33,61,36,16,94,182,1032,1
56,50,3,19,180,78,22820,0
25,43,14,0,132,89,23269,0
36,54,1,38,186,16,17122,0
85,58,4,12,134,199,9684,1
83,26,42,38,193,181,42289,1
89,38,16,8,85,102,11936,1
50,64,23,31,82,139,17077,1
12,32,29,40,125,143,35740,1
44,43,45,6,48,189,45963,1
65,53,9,41,2,6,21031,0
47,66,25,48,68,95,11200,1
51,30,48,33,22,19,41370,0
89,52,39,11,123,192,13804,1
25,34,27,7,43,86,5336,0
82,51,37,27,65,31,19008,0
24,42,12,36,182,131,36426,1
13,41,46,36,102,80,5269,1
67,46,2,18,36,111,7610,1
96,55,12,17,120,197,43137,1
25,31,17,35,31,133,18269,1
28,34,16,36,76,15,31518,0
20,49,47,30,194,91,7569,1
99,57,48,5,196,96,18576,1
93,61,27,34,33,110,27814,1
48,32,40,1,145,111,34097,1
55,59,48,7,127,187,27141,1
22,34,28,10,114,168,22837,1
99,67,0,47,37,73,34118,0
30,64,31,49,27,25,11096,0
23,25,38,26,91,51,8367,0
43,47,35,8,72,157,23699,1
64,34,19,29,188,54,4299,0
11,26,35,40,42,70,14272,1
11,57,3,11,144,126,26491,1
81,64,17,31,38,134,31424,1
84,60,35,2,197,185,5052,1
17,51,2,45,11,95,3280,1
67,32,22,30,27,164,5300,1
17,26,2,3,152,186,28005,1
62,35,0,17,126,23,14048,0
33,35,14,22,1,1,40217,0
42,53,23,3,94,3,4130,0
53,59,10,44,125,130,38781,1
46,28,5,20,122,58,47335,0
29,28,27,31,194,36,35337,0
86,66,41,5,29,109,3652,1
23,48,27,39,29,117,19497,1
73,58,49,13,145,195,13395,1
95,41,41,10,104,5,9445,0
74,56,12,49,48,4,5701,0
12,47,26,42,7,71,39503,1
66,60,3,19,175,145,19862,1
91,41,40,6,72,12,45553,0
76,31,39,41,61,1,4240,0
86,55,44,2,149,142,28390,1
23,51,44,36,49,54,2291,1
51,49,44,26,16,37,34051,0
38,56,16,4,151,147,44554,1
45,25,12,8,102,56,18148,0
98,48,41,21,76,183,40909,1
53,34,25,47,134,24,24103,0
80,44,32,3,163,121,28414,1
54,55,23,48,137,152,26840,1
87,35,31,35,132,95,29541,1
63,55,10,27,76,85,15569,1
91,41,30,8,122,67,18155,0
33,44,10,30,0,55,5133,0
86,55,40,28,55,121,18179,1
70,27,12,22,76,63,48456,0
14,66,9,7,70,63,47156,0
44,69,1,25,170,149,43156,1
98,65,19,15,197,183,18132,1
94,46,31,11,131,172,21122,1
22,66,1,4,149,152,48904,1
36,32,5,5,37,187,15070,1
59,50,37,26,199,74,7314,1
27,54,45,35,159,132,9685,1
63,25,30,8,63,25,38133,0
58,65,29,18,54,174,15871,1
34,46,37,31,198,24,20847,0
24,30,30,9,186,155,4419,1
91,38,49,12,122,74,30415,1
32,28,23,45,78,47,20995,0
93,66,35,22,60,44,8847,0
51,68,7,25,82,60,38217,0
50,53,39,24,44,91,43408,1
98,64,35,30,173,124,11893,1
12,42,12,12,18,156,17911,1
11,67,22,35,81,160,49016,1
97,40,29,18,95,119,25201,1
14,31,1,41,154,194,8487,1
90,32,39,3,184,18,15088,0
12,55,9,26,173,181,5930,1
75,49,12,34,113,164,22708,1
37,26,44,32,26,161,32291,1
12,46,0,18,18,187,41553,1
63,37,24,36,148,1,25154,0
83,68,43,18,64,7,27322,0
96,68,41,17,46,70,26976,1
24,49,23,16,131,114,49667,1
77,58,7,1,52,87,37342,0
48,37,30,38,35,63,45938,1
28,68,6,45,44,158,20325,1
51,59,41,16,101,103,42710,1
89,59,33,42,8,138,4310,1
24,67,6,32,110,28,43974,0
21,58,43,8,110,47,36542,0
75,28,11,37,146,145,46849,1
47,55,23,35,132,142,20519,1
55,58,33,33,96,103,1344,1
79,30,30,46,96,115,872,1
61,31,24,37,28,182,10967,1
25,46,0,13,6,149,30023,1
91,52,39,39,110,86,9177,1
84,59,31,1,78,54,6264,0
94,46,27,20,116,24,26995,0
80,64,2,34,155,25,49994,0
64,46,6,40,100,84,20385,1
37,53,14,22,94,194,37820,1
68,68,44,26,151,105,42602,1
28,32,20,45,180,98,26651,1
37,58,22,33,123,23,14996,0
91,26,5,5,176,36,23130,0
46,39,43,3,14,3,32507,0
36,25,43,14,162,154,24442,1
83,41,0,20,17,97,21967,0
95,47,33,26,168,166,33203,1
16,28,4,14,92,14,20477,0
91,62,35,1,92,15,10206,0
21,45,23,18,63,198,6498,1
41,39,29,7,61,81,8755,0
54,63,5,33,182,144,16469,1
48,37,39,32,9,107,19992,1
45,56,43,21,105,84,44623,1
75,58,49,17,180,14,8347,0
75,27,24,45,108,23,48304,0
69,68,8,49,179,131,49059,1
38,44,26,42,179,25,28065,0
45,58,14,21,12,3,19468,0
27,28,25,12,36,133,34782,1
92,33,13,15,47,28,19144,0
83,49,31,24,99,42,18058,0
18,47,0,28,84,189,40957,1
72,38,20,44,130,64,26260,1
77,52,16,41,94,178,26098,1
90,45,2,49,75,140,30434,1
61,28,5,20,116,15,11575,0
11,53,14,17,13,162,25310,1
74,63,29,30,11,189,531,1
26,60,8,21,85,179,45378,1
89,40,39,25,67,40,28942,0
72,28,20,31,80,104,14970,1
14,46,21,4,100,29,5901,0
45,51,45,42,81,62,34465,1
52,62,14,24,131,163,7084,1
48,34,20,45,134,104,48093,1
51,26,26,39,176,39,19685,0
65,43,34,18,3,129,49986,1
36,61,4,22,67,135,20805,1
18,31,47,22,58,34,25204,0
35,34,4,13,82,175,35106,1
43,61,19,34,129,31,45985,0
66,35,33,25,20,27,25827,0
70,56,22,14,120,175,2055,1
88,25,13,39,48,31,21900,0
65,61,44,25,190,59,665,1
96,31,40,24,107,175,23530,1
28,35,49,32,85,105,38190,1
42,57,19,0,180,176,37488,1
20,41,19,5,146,58,5969,0
44,39,8,31,187,149,37234,1
22,51,17,11,71,178,49401,1
91,54,21,37,90,87,8815,1
55,55,32,33,115,109,17329,1
66,54,38,25,121,64,31519,1
82,29,41,12,110,67,44353,0
42,51,20,49,170,83,10908,1
15,49,38,41,149,27,10909,0
15,40,22,45,12,166,17877,1
29,59,46,20,34,108,48138,1
75,33,3,9,138,18,7018,0
31,36,16,18,127,149,35365,1
32,63,24,31,156,146,3643,1
31,47,28,37,121,39,14550,0
53,48,4,44,190,105,9335,1
29,64,32,36,94,71,7991,1
86,54,28,43,161,93,34064,1
24,62,7,33,82,86,20382,1
97,63,40,16,82,121,16108,1
23,35,34,43,9,25,38825,0
45,34,0,28,16,181,38036,1
90,69,8,26,104,13,10679,0
17,57,7,8,32,42,30015,0
81,25,31,24,10,135,47632,1
76,54,15,8,74,93,2211,0
15,67,38,17,24,4,21252,0
13,33,5,8,125,170,28079,1
54,34,43,26,81,175,16144,1
64,46,30,30,100,104,46016,1
30,26,30,9,85,158,18591,1
39,61,16,41,181,30,15715,0
87,26,48,33,33,55,47897,1
35,52,21,28,180,154,37897,1
78,56,2,1,163,157,6240,1
83,38,17,23,85,110,26163,1
98,37,44,34,49,180,19310,1
18,42,40,34,53,84,41761,1
24,49,9,40,102,123,8282,1
26,67,37,22,170,103,31706,1
27,42,38,27,5,2,16468,0
53,62,8,5,115,58,36696,0
52,28,40,43,114,124,47493,1
44,55,8,13,48,165,27209,1
52,54,20,2,187,188,48108,1
19,56,21,16,7,89,241,1
61,51,28,19,43,2,3269,0
15,63,43,34,29,80,30528,1
26,45,14,17,38,137,4011,1
78,46,0,21,42,34,19843,0
53,45,14,23,106,145,1509,1
12,29,40,45,96,45,32607,1
52,59,44,48,91,92,11175,1
56,48,46,41,126,183,11114,1
56,59,27,38,66,10,36016,0
23,53,39,5,187,145,8579,1
28,42,27,7,25,129,19668,1
87,34,7,22,148,30,48773,0
19,36,7,19,47,79,21530,0
88,49,34,20,170,40,10227,0
52,50,39,35,10,157,18854,1
84,69,38,49,33,41,28876,1
52,40,23,30,55,194,23709,1
34,38,41,14,38,178,19023,1
63,55,5,46,88,148,36988,1
42,61,16,29,136,30,47830,0
38,55,3,17,140,199,48680,1
91,37,49,32,37,45,27585,1
50,60,44,4,83,173,47565,1
48,52,39,24,97,146,30108,1
77,28,40,25,29,33,31854,0
18,32,48,17,147,75,19001,1
91,60,44,35,126,39,44172,0
98,43,41,34,29,83,11730,1
78,29,37,20,179,118,9370,1
34,42,34,15,47,153,15302,1
44,36,44,4,150,96,28016,1
34,64,49,43,191,18,47228,0
50,64,45,4,58,110,344,1
44,50,1,28,46,147,2159,1
68,41,21,29,88,5,2463,0
98,46,40,31,2,57,18214,1
17,29,45,40,51,119,16500,1
49,31,29,12,53,59,18537,0
12,62,45,28,156,106,21880,1
81,41,39,27,85,116,38976,1
39,63,1,49,83,149,25826,1
61,45,5,49,109,38,49796,0
32,55,9,45,59,41,20886,0
50,53,46,2,92,14,4797,0
44,49,25,4,171,63,8410,0
19,32,7,22,89,167,1345,1
54,66,4,38,167,143,33430,1
89,65,12,24,141,72,14306,0
46,59,48,6,136,138,40025,1
95,55,35,10,9,40,12611,0
24,41,38,41,11,139,3536,1
16,49,40,1,88,199,33729,1
68,48,43,39,177,127,18241,1
68,33,7,11,69,193,21485,1
98,30,27,19,132,142,13215,1
64,58,20,24,17,66,45740,0
62,34,47,15,178,117,1941,1
18,52,42,36,129,145,37728,1
67,28,37,46,174,64,5369,1
72,34,17,30,67,99,41644,1
19,56,4,17,63,142,41432,1
35,40,48,30,124,164,33168,1
95,29,18,21,59,174,13928,1
25,53,19,22,41,176,18020,1
26,33,13,14,66,94,8785,1
27,64,4,2,127,62,43624,0
83,56,33,2,175,21,16105,0
33,30,38,48,144,20,46767,0
98,34,27,33,80,70,26960,1
84,66,42,43,100,184,17466,1
13,49,39,16,149,126,9793,1
83,69,43,7,54,90,25921,1
68,64,11,29,176,108,9407,1
50,52,4,25,161,140,10904,1
66,31,3,22,62,19,46684,0
78,57,0,38,30,188,1693,1
91,46,12,3,127,147,49533,1
26,67,22,19,187,150,39287,1
91,28,40,43,112,116,10784,1
13,59,31,30,36,165,13174,1
52,59,4,5,195,90,24454,0
57,45,45,6,71,98,25335,1
73,28,39,11,16,36,45758,0
37,60,48,2,162,163,26514,1
59,33,13,11,76,56,35179,0
11,62,12,3,158,30,11335,0
97,31,15,35,57,93,8640,1
69,37,24,39,45,86,11974,1
30,42,30,21,105,124,988,1
69,39,48,31,122,26,12090,0
56,34,23,31,1,39,39264,0
95,42,12,15,136,33,28287,0
56,35,4,8,29,138,35468,1
32,57,10,8,128,159,37916,1
75,64,18,20,34,73,1500,0
91,43,47,35,45,119,39329,1
53,29,13,29,101,194,25706,1
96,36,43,13,84,57,42829,0
27,25,30,34,12,37,7583,0
73,61,39,0,186,57,10282,0
18,69,39,34,57,135,3577,1
38,34,17,27,70,170,31081,1
49,38,41,47,66,0,28679,0
89,57,20,31,175,17,46236,0
97,53,26,32,164,44,37544,0
84,63,32,24,171,26,26071,0
87,55,41,13,159,56,22800,0
37,35,6,20,97,27,22757,0
10,25,4,8,49,134,6151,1
61,43,48,47,192,80,48717,1
39,65,46,17,168,1,11059,0
59,52,31,41,5,60,34916,1
88,31,28,23,38,90,13087,1
83,52,28,23,159,25,49379,0
36,65,21,1,179,2,43199,0
90,35,11,16,192,132,1760,1
62,68,43,13,24,123,46999,1
43,45,44,7,176,93,36084,1
51,32,2,47,128,155,40735,1
47,52,30,22,122,138,41019,1
75,36,0,6,127,184,23417,1
96,62,35,47,178,128,13392,1
42,44,32,26,193,163,36786,1
28,66,28,43,48,107,33379,1
56,31,13,49,58,10,29985,0
36,44,19,6,24,156,17298,1
43,54,48,0,41,28,5642,0
72,59,29,37,180,67,10251,1
83,26,22,9,32,76,36495,0
90,28,6,3,38,59,45499,0
93,62,8,7,99,53,22002,0
43,38,47,33,61,78,18667,1
44,63,6,2,115,81,1590,0
86,32,15,11,190,182,16249,1
66,62,38,19,138,157,44454,1
25,52,10,13,66,195,21083,1
58,56,21,19,185,167,28013,1
53,64,32,31,99,188,36805,1
26,31,22,45,180,107,27841,1
48,55,34,37,45,13,20858,0
29,51,34,5,41,177,46598,1
52,29,33,1,138,35,10985,0
39,44,46,16,42,111,7435,1
42,37,34,45,196,113,8055,1
97,45,19,28,180,31,3414,0
31,42,16,46,142,172,40869,1
15,35,0,6,21,193,35801,1
37,41,11,5,118,5,5921,0
32,67,25,48,44,193,31903,1
29,45,43,0,152,90,44274,1
71,30,31,8,58,146,45389,1
17,33,4,49,63,167,11735,1
10,68,27,29,136,105,39477,1
53,45,15,17,106,118,32300,1
96,43,49,17,193,92,13254,1
97,62,19,31,110,140,9432,1
81,56,38,5,192,106,38130,1
11,38,12,23,2,0,5704,0
24,37,20,16,186,199,48250,1
41,33,42,10,67,21,38216,0
75,29,16,15,174,22,18537,0
64,26,24,14,88,131,3762,1
52,44,49,47,184,122,46750,1
16,36,10,13,18,151,21215,1
66,27,6,9,119,158,14674,1
64,42,16,11,36,34,25233,0
83,28,33,16,7,70,32981,0
34,51,47,3,154,182,20390,1
34,65,37,38,120,49,16938,1
22,59,21,39,128,67,20737,1
39,29,5,3,24,78,39830,0
56,37,30,9,79,50,3070,0
92,28,5,45,171,120,3111,1
62,65,41,47,178,136,28826,1
74,53,47,6,22,68,13918,1
35,53,30,25,92,70,19562,1
89,64,7,8,59,36,25828,0
10,33,26,40,0,105,1772,1
70,68,42,5,90,164,3475,1
19,26,38,37,105,7,22093,0
67,68,24,7,150,160,48829,1
43,33,30,23,120,8,48319,0
99,48,8,37,79,57,6040,0
38,55,47,12,102,19,24905,0
98,49,24,35,104,161,41404,1
97,68,44,48,88,143,2000,1
54,58,27,16,42,137,47091,1
42,34,0,24,28,103,26040,1
18,52,48,32,49,62,38081,1
54,34,1,1,77,31,12679,0
58,39,1,32,161,154,12192,1
14,31,49,29,60,101,12502,1
10,41,27,44,42,111,4456,1
14,55,0,11,183,156,11618,1
95,56,7,2,141,64,3198,0
88,32,5,26,6,187,38965,1
16,37,33,43,59,42,23535,0
92,42,31,38,7,121,14021,1
18,31,49,19,24,85,35339,1
32,40,29,9,169,83,32271,1
33,43,6,23,53,186,30415,1
77,50,20,41,197,104,4932,1
28,37,15,28,169,170,48893,1
65,64,42,13,81,2,44764,0
39,67,13,31,55,101,33804,1
68,47,39,28,93,117,8514,1
33,63,4,44,162,126,28350,1
14,51,10,44,191,122,16422,1
24,61,3,33,43,106,4604,1
94,48,31,10,106,78,29466,0
60,38,33,6,49,83,41179,1
15,62,15,29,146,90,7349,1
10,28,39,25,198,170,13705,1
44,53,24,17,129,72,23223,0
91,45,36,31,52,22,43181,0
87,60,29,49,125,70,40098,1
11,36,13,29,100,41,7985,0
54,29,33,33,77,188,37165,1
15,39,7,33,97,128,18230,1
12,43,47,17,145,29,5604,0
17,25,31,2,165,90,39309,1
92,59,40,13,162,128,48260,1
34,37,39,14,118,17,21093,0
19,33,24,14,112,142,48967,1
14,41,20,18,170,77,24440,0
45,49,27,37,78,168,11957,1
61,31,34,26,1,191,14534,1
53,27,25,48,101,43,29012,0
68,66,23,48,66,102,16531,1
59,52,8,7,134,44,12987,0
54,51,43,7,168,146,35320,1
88,38,33,27,28,123,16541,1
86,61,19,19,24,96,17536,1
60,41,26,6,140,161,47402,1
17,51,38,37,9,127,11462,1
91,51,33,34,154,137,32049,1
27,59,45,36,106,9,25737,0
62,69,42,17,164,104,44482,1
79,50,45,28,183,136,30167,1
55,55,33,32,13,191,10387,1
79,59,35,15,40,168,16993,1
60,50,15,40,10,81,16445,1
37,35,39,21,126,48,20729,0
81,41,37,1,92,11,46478,0
31,47,37,48,109,2,17541,0
54,65,32,6,122,19,40730,0
34,25,13,24,130,71,37303,0
86,38,9,25,189,172,22883,1
46,60,1,44,4,178,1368,1
41,31,49,46,40,28,20682,1
38,39,35,16,31,136,2217,1
10,42,4,28,188,95,9490,1
85,27,24,33,75,83,12320,1
79,64,46,11,129,94,18232,1
37,30,8,47,34,30,4151,0
92,43,15,16,170,177,15331,1
14,52,15,40,94,80,18764,1
12,66,42,44,196,91,46896,1
53,47,5,13,18,62,47826,0
12,67,15,1,182,167,43031,1
36,44,23,3,174,56,33718,0
82,31,19,21,186,190,18290,1
26,45,42,23,98,109,9607,1
87,26,16,17,102,188,40897,1
48,33,14,48,108,31,30997,0
61,48,38,37,144,123,34775,1
20,52,41,19,148,8,10850,0
76,35,33,18,95,3,23023,0
13,42,3,21,50,50,10762,0
58,38,42,2,52,192,38223,1
43,25,7,31,178,168,3370,1
11,43,5,9,90,64,21887,0
13,33,0,16,68,184,46512,1
30,45,15,34,67,165,44819,1
66,25,9,11,157,11,45170,0
14,63,47,10,58,127,21022,1
98,42,22,0,120,39,42444,0
16,54,5,7,138,137,10183,1
26,33,38,30,78,16,42874,0
47,60,39,3,160,58,49963,0
65,56,27,32,148,17,38592,0
71,59,15,41,126,15,43139,0
21,46,35,23,154,26,13472,0
73,29,24,8,39,22,9435,0
85,30,46,43,144,106,6639,1
58,43,21,29,172,61,18197,0
59,49,11,29,60,6,12167,0
32,27,25,26,153,108,4142,1
58,51,21,17,77,85,48065,1
19,42,43,3,124,18,25060,0
41,55,4,9,161,38,43552,0
71,51,2,40,59,183,14713,1
39,67,15,28,158,87,20660,1
79,34,43,32,91,73,30294,1
61,40,38,18,174,29,35059,0
27,37,27,1,184,90,31317,0
63,37,15,19,111,95,25657,1
73,62,46,47,72,81,20989,1
29,45,16,27,105,105,29221,1
67,48,19,40,111,66,27555,1
29,49,36,31,23,53,9464,0
90,45,33,9,112,147,40992,1
62,52,25,23,84,35,29820,0
83,53,12,3,53,60,7784,0
66,37,44,7,173,128,1012,1
39,55,19,38,7,104,30113,1
18,45,9,21,22,127,24000,1
90,35,28,36,6,114,14434,1
92,35,14,40,30,104,40140,1
98,50,3,41,61,72,6434,0
44,45,27,39,28,153,49977,1
61,65,24,11,60,20,19959,0
63,34,1,36,81,57,46615,0
63,52,34,43,107,112,18181,1
46,45,27,46,196,100,46833,1
37,56,16,46,152,111,35804,1
74,37,2,3,165,96,44200,0
29,67,14,3,92,167,10803,1
89,32,10,18,120,52,33435,0
82,66,30,24,101,148,36077,1
45,45,26,20,96,93,4487,1
23,38,39,13,186,11,28028,0
29,46,10,7,120,70,46778,0
38,65,6,5,181,28,37077,0
60,28,38,2,165,12,32497,0
18,40,44,16,131,14,15573,0
52,43,10,46,94,4,1197,0
52,57,48,9,19,148,37355,1
58,42,30,15,118,5,5111,0
56,43,33,19,176,48,25042,0
59,51,5,44,195,9,2962,0
95,25,22,33,141,87,43986,1
45,61,23,24,164,153,23427,1
32,68,26,45,33,128,23714,1
69,55,9,6,53,46,34100,0
79,25,48,0,199,86,31843,1
96,42,15,43,121,96,47830,1
83,55,17,21,43,26,22747,0
79,34,15,45,185,70,29770,1
61,60,15,19,198,107,23217,1
13,40,33,6,109,89,37844,1
68,44,6,4,11,36,790,0
45,68,38,36,81,189,17955,1
93,27,2,2,50,74,27877,0
70,42,0,3,24,84,20700,0
92,69,24,16,175,109,4685,1
30,27,36,8,175,110,912,1
31,68,16,2,88,50,13183,0
67,45,42,36,147,198,43904,1
56,44,19,20,27,118,33383,1
18,52,2,10,28,137,7956,1
30,59,38,8,193,84,16476,1
39,26,28,48,176,149,35196,1
88,37,16,7,192,96,2489,0
15,31,33,43,101,4,13209,0
68,62,49,37,38,27,36645,0
11,57,19,5,94,117,1907,1
40,34,21,37,9,70,679,1
71,33,37,24,58,37,17050,0
22,37,47,47,80,91,14451,1
48,58,19,48,173,63,17641,1
13,37,49,26,172,126,34070,1
67,65,38,42,192,68,26977,1
51,52,41,19,19,49,825,0
83,65,46,34,93,80,13981,1
51,37,6,11,16,82,21353,0
62,64,38,24,117,141,44052,1
37,66,37,48,102,164,24563,1
49,35,42,26,19,152,27348,1
44,49,43,27,11,170,14158,1
31,51,13,37,41,95,39813,1
28,58,40,7,82,117,34765,1
62,50,22,30,143,73,9487,1
72,41,0,37,60,198,4935,1
11,63,44,23,161,7,22343,0
99,50,3,10,162,127,27493,1
83,48,15,22,111,132,11485,1
96,31,12,8,35,84,779,0
18,68,5,11,47,60,22146,0
47,37,44,49,101,96,22978,1
54,33,26,6,42,163,41317,1
42,65,46,3,87,11,6924,0
32,40,23,27,54,156,49748,1
67,28,29,7,29,126,17407,1
83,69,39,27,116,45,8968,0
35,36,39,47,1,123,49599,1
57,50,21,6,8,160,14680,1
99,55,0,27,194,50,14846,0
73,65,32,38,18,39,8197,0
73,29,33,3,61,108,12938,1
50,67,10,34,166,158,22230,1
87,62,47,11,129,119,43592,1
88,62,17,45,54,27,47470,0
78,44,6,17,85,44,21322,0
91,50,34,33,186,28,6554,0
81,28,24,19,105,148,4840,1
89,56,45,5,19,161,11801,1
44,33,38,15,167,54,24274,0
97,34,1,7,191,186,45615,1
80,65,7,20,144,195,47899,1
82,66,44,9,40,145,6468,1
45,50,31,8,72,18,17760,0
27,64,20,14,114,10,17975,0
52,38,48,30,9,178,38443,1
69,59,39,45,108,107,18868,1
73,41,28,45,82,108,35125,1
42,35,45,33,84,17,2338,0
77,35,10,36,177,192,16501,1
10,29,47,14,178,69,19284,1
47,63,24,3,53,154,15258,1
11,25,22,4,164,110,4936,1
85,45,24,7,7,17,7851,0
10,54,19,17,59,164,43077,1
43,28,23,0,77,120,23797,1
23,64,17,35,136,96,20713,1
97,26,16,17,120,143,6853,1
76,34,39,7,89,129,31731,1
57,59,16,24,75,174,20063,1
89,45,20,41,18,94,19640,1
83,36,8,10,124,195,9478,1
95,25,5,44,183,62,28364,0
36,58,36,16,13,91,15163,1
49,33,19,42,22,133,29571,1
69,26,10,28,142,18,14861,0
74,49,46,46,79,22,20095,0
37,45,39,45,91,63,33636,1
13,26,0,12,82,91,2882,0
50,64,42,38,191,103,41915,1
41,58,34,28,176,51,9646,0
72,39,2,34,76,103,29242,1
13,39,35,24,117,188,24036,1
71,40,28,44,148,40,23101,0
13,52,36,29,146,7,4281,0
58,62,16,49,116,132,44427,1
46,39,8,37,23,59,28948,0
16,53,47,10,31,83,34450,1
63,48,38,21,166,25,3581,0
71,44,6,1,28,10,36937,0
13,57,5,35,12,0,8341,0
58,39,36,38,75,74,15006,1
56,54,14,25,38,95,9099,1
19,37,18,31,162,29,39499,0
20,56,10,36,156,188,13634,1
38,49,21,42,59,190,13726,1
87,58,20,22,180,88,33516,1
22,54,8,27,139,28,10874,0
26,25,48,16,49,49,21530,0
27,46,39,0,112,171,25405,1
78,51,2,21,167,0,25943,0
70,44,10,3,111,27,40639,0
70,33,35,28,198,27,2936,0
46,59,38,32,51,176,11031,1
22,69,6,36,104,120,20556,1
23,45,0,13,194,170,31818,1
26,61,5,0,46,198,44134,1
49,54,25,26,116,43,39533,0
25,33,47,26,131,54,24909,1
12,44,43,24,46,85,31544,1
76,51,13,17,68,38,1553,0
13,62,44,32,166,11,47678,0
18,25,21,6,75,110,33590,1
61,47,29,44,85,138,39579,1
43,61,32,7,68,113,30544,1
15,42,45,23,189,45,33957,0
95,45,19,27,49,9,26697,0
32,49,48,36,29,98,30210,1
70,60,16,39,60,44,8173,0
45,68,22,5,10,54,6673,0
34,45,30,36,10,84,35178,1
94,57,22,23,70,96,3657,1
48,48,48,49,195,142,44233,1
50,55,16,49,50,130,33338,1
53,37,36,35,188,187,34340,1
39,62,5,38,72,26,44052,0
64,26,37,27,191,191,23127,1
85,27,22,10,140,104,20627,1
51,52,15,26,75,20,46944,0
65,28,20,10,178,162,17967,1
34,64,20,43,176,50,266,0
85,50,1,10,192,176,31916,1
96,42,0,34,79,134,47831,1
83,36,36,1,170,126,18501,1
77,59,44,0,104,153,10860,1
23,37,10,10,194,146,44652,1
73,47,25,48,196,174,34094,1
18,66,37,22,133,8,14445,0
67,52,29,47,54,62,27483,1
27,64,5,0,140,109,13780,0
91,41,22,19,194,66,26221,0
86,58,24,0,46,2,44624,0
84,37,49,44,154,54,5392,1
17,41,28,31,126,117,32999,1
99,43,34,27,192,67,32359,1
20,29,24,37,173,188,35024,1
89,54,12,8,21,4,27983,0
88,36,30,37,5,121,17728,1
39,67,8,44,111,187,34874,1
71,61,23,28,195,84,22768,1
80,29,19,18,40,85,49321,1
71,56,43,49,60,175,41875,1
28,27,36,35,183,93,10521,1
10,38,20,18,33,183,39400,1
95,35,38,9,55,49,29296,0
86,55,1,15,3,171,37470,1
68,40,24,27,3,185,42687,1
82,27,12,35,116,89,20704,1
35,27,7,19,18,192,48256,1
86,32,33,32,91,154,7197,1
61,29,26,31,113,131,22911,1
70,47,28,35,160,50,13714,0
30,39,0,6,130,151,25313,1
22,30,6,29,159,133,38295,1
66,43,32,39,56,116,9722,1
78,47,2,32,145,127,16928,1
49,30,16,34,38,143,37983,1
18,67,9,20,66,140,2513,1
92,34,14,40,49,175,25410,1
15,44,40,35,139,49,35745,1
43,39,7,9,190,128,24843,1
17,61,9,20,158,139,36741,1
46,48,15,13,108,107,22976,1
87,33,38,0,127,116,44217,1
42,64,20,14,148,26,1229,0
19,38,20,18,14,140,16461,1
82,25,34,24,96,34,17809,0
24,52,22,23,96,190,37896,1
47,32,1,21,7,54,32956,0
37,63,13,49,8,46,10524,0
31,65,46,20,92,54,40862,0
99,26,48,30,178,181,7407,1
54,54,41,34,50,140,39412,1
75,55,35,38,64,6,10944,0
96,56,33,18,45,92,36783,1
67,43,39,29,136,51,35818,0
71,30,26,45,71,70,11758,1
90,54,26,43,58,69,1275,1
43,35,30,17,105,195,18914,1
73,57,13,41,43,3,46398,0
90,53,47,32,103,149,34684,1
74,51,11,40,182,160,34870,1
15,62,21,15,31,157,16043,1
36,25,44,32,196,55,43469,1
16,53,0,32,16,45,36637,0
73,55,39,20,51,85,7799,1
28,35,14,31,114,56,36230,0
13,66,42,42,42,123,49194,1
76,31,6,33,143,60,22379,0
24,38,0,43,11,62,34495,0
14,59,18,32,102,178,5827,1
71,56,23,35,163,144,4783,1
10,26,33,32,171,190,28363,1
26,25,10,2,178,64,29653,0
86,63,15,44,3,46,49576,0
70,55,24,27,191,55,35865,0
28,48,11,23,121,120,3788,1
81,41,29,37,169,193,45720,1
17,60,12,19,122,12,16704,0
46,51,29,13,72,138,27485,1
96,58,31,30,176,110,39376,1
50,48,37,21,68,99,36392,1
89,56,22,3,120,134,36800,1
80,50,32,26,24,99,43094,1
65,50,10,24,154,164,34427,1
24,34,42,29,29,190,42192,1
76,59,48,4,59,7,22853,0
61,65,14,11,65,120,5774,1
41,38,33,3,154,173,26863,1
47,42,39,45,70,120,1843,1
78,64,21,42,26,182,35967,1
79,52,32,27,135,40,18991,0
24,51,20,28,141,33,7753,0
61,56,32,45,27,146,10081,1
12,34,43,36,33,79,28429,1
48,25,28,7,172,96,23603,1
16,62,35,21,149,16,39025,0
33,55,47,4,33,108,21711,1
85,62,48,40,19,107,29089,1
29,65,13,40,127,81,9655,1
88,41,49,18,50,69,42965,1
69,49,23,18,58,59,35268,0
33,27,43,14,59,55,36942,0
95,27,16,34,182,156,13379,1
88,31,3,10,78,50,44598,0
73,61,9,29,162,107,17979,1
14,26,5,40,24,101,29334,1
37,42,6,24,20,28,38554,0
55,47,28,48,111,93,4193,1
47,64,15,35,179,177,25480,1
85,55,4,15,37,102,21388,1
35,55,48,25,27,85,48505,1
55,46,11,47,49,31,43205,0
32,64,31,19,50,98,21329,1
15,57,46,10,26,106,12879,1
81,26,29,25,148,62,24749,0
39,62,18,27,157,32,16909,0
86,66,46,18,70,94,43632,1
50,44,44,5,55,84,31410,1
96,65,4,7,91,169,23915,1
68,46,20,23,168,182,13067,1
31,31,12,6,173,52,2113,0
34,54,16,45,35,104,20172,1
14,69,49,36,28,139,40035,1
73,69,29,7,124,94,24657,1
52,28,25,29,100,162,6720,1
53,44,48,13,136,7,46016,0
55,48,1,48,31,180,30200,1
99,65,2,3,188,71,27236,0
78,63,29,40,76,6,10815,0
76,63,45,12,76,1,21801,0
35,53,26,35,70,6,27987,0
52,43,5,13,18,63,19105,0
48,30,25,7,46,6,13404,0
26,32,14,27,113,145,21354,1
77,63,29,24,47,112,7215,1
92,32,20,20,14,154,6077,1
13,54,13,44,112,71,19633,1
60,40,20,37,119,91,35174,1
80,56,12,44,80,121,48228,1
32,60,20,41,156,132,43143,1
60,34,43,2,122,134,20858,1
47,44,4,14,190,64,1942,0
64,66,20,46,146,51,8585,0
91,55,20,48,157,5,25836,0
62,59,34,40,111,5,14309,0
21,58,30,42,166,24,40316,0
37,44,22,27,59,176,38776,1
46,27,39,15,172,71,29892,1
45,25,38,0,9,157,24969,1
12,57,11,49,186,79,24141,1
13,52,33,46,123,14,32743,0
94,62,25,14,64,79,21917,0
82,30,31,19,161,2,4005,0
49,29,34,0,138,175,42329,1
60,26,32,12,135,137,47603,1
67,48,5,5,161,120,28787,1
94,55,16,7,95,66,21845,0
74,40,46,1,130,1,7647,0
76,42,17,49,25,36,30019,0
25,29,36,9,164,75,2617,0
92,64,9,21,190,176,41351,1
39,44,13,20,27,44,16034,0
72,58,12,39,157,187,2769,1
71,37,12,28,59,142,10379,1
97,69,6,7,128,112,31393,1
91,28,38,2,81,199,15524,1
49,37,9,10,71,109,33714,1
97,41,2,15,65,20,21529,0
70,56,16,33,194,78,15625,1
76,51,21,33,103,51,33017,0
18,45,43,31,19,158,48000,1
57,62,25,36,55,108,29942,1
88,63,49,47,166,64,1949,1
99,62,37,16,44,57,34356,0
83,55,28,6,137,29,37139,0
66,38,47,28,90,88,4915,1
70,62,41,14,11,9,27154,0
11,67,40,4,152,87,39921,1
13,45,12,18,5,112,10768,1
98,44,26,3,176,199,30611,1
24,33,14,43,179,13,36045,0
48,49,13,21,195,181,38655,1
67,58,0,15,120,186,6203,1
75,40,8,15,124,167,13818,1
40,67,26,22,65,190,6257,1
48,50,25,3,184,1,3716,0
98,51,30,21,16,56,20662,0
92,42,47,2,164,23,40022,0
17,68,35,2,132,69,49779,0
67,69,34,49,6,157,35144,1
60,38,21,18,188,13,18302,0
83,31,11,6,94,71,17926,0
49,36,27,2,6,129,38999,1
44,27,28,29,116,44,46592,0
44,43,14,45,84,124,34303,1
92,34,38,39,71,56,25943,1
34,31,32,1,52,188,17541,1
34,50,26,19,161,44,30791,0
11,56,8,49,150,184,9509,1
17,45,44,4,14,102,17697,1
61,33,47,41,156,198,2418,1
62,41,6,37,84,41,20933,0
70,48,38,40,167,93,15167,1
48,49,48,27,121,141,27062,1
64,60,4,21,21,77,18228,0
80,60,25,2,186,185,30046,1
61,27,46,16,124,130,41000,1
17,35,14,37,189,43,283,0
36,50,16,2,143,168,7772,1
35,41,21,3,75,83,17840,0
98,30,41,8,114,91,13040,1
15,55,1,45,82,190,47625,1
16,52,16,41,146,38,23320,0
23,39,47,3,0,197,37023,1
90,63,38,10,87,168,42104,1
92,40,35,9,59,70,28751,0
99,57,26,13,6,47,7625,0
32,38,33,3,69,160,25340,1
81,32,10,11,119,151,5977,1
62,69,6,16,124,82,37959,0
17,64,33,47,175,66,39773,1
90,28,23,25,64,133,38074,1
71,54,5,41,123,15,45100,0
76,57,30,25,136,1,8524,0
46,27,2,14,73,173,45268,1
88,28,22,28,86,39,28716,0
62,40,1,35,97,154,32117,1
55,60,14,39,57,29,23438,0
11,29,20,18,109,192,31562,1
57,46,2,10,185,118,27150,1
40,67,0,35,101,102,33691,1
20,29,46,25,47,160,12466,1
60,60,47,37,76,31,29830,0
53,66,5,14,171,111,45561,1
52,30,28,43,144,77,31152,1
26,61,15,32,119,19,34328,0
96,49,36,31,111,179,37620,1
65,44,3,9,173,137,34030,1
50,47,35,24,83,90,11422,1
51,34,2,30,100,152,6924,1
77,60,39,41,35,92,15441,1
70,47,39,8,61,106,9552,1
18,69,22,30,0,153,30206,1
19,43,31,23,152,103,22894,1
81,40,15,45,48,19,3206,0
88,30,2,32,145,146,21589,1
72,48,1,44,49,33,1652,0
61,35,30,41,86,74,44351,1
29,60,12,34,155,147,24401,1
92,35,36,48,151,0,24519,0
98,64,11,22,26,152,2067,1
89,59,30,31,192,16,13817,0
83,34,27,5,47,159,27134,1
29,69,1,8,136,15,13079,0
14,35,19,21,63,117,5907,1
21,33,21,26,166,48,11454,0
87,32,1,37,46,155,48957,1
68,40,40,35,46,123,30786,1
17,67,22,11,147,192,3107,1
74,26,34,29,36,91,21628,1
18,44,3,42,173,133,40272,1
20,54,37,42,129,194,27977,1
68,63,38,3,90,121,19330,1
26,45,22,21,186,49,8852,0
29,63,47,6,37,60,22653,0
57,47,47,1,108,84,38701,1
72,28,13,25,162,45,11981,0
75,41,23,49,12,33,33873,0
25,54,31,30,2,19,8144,0
13,56,34,2,126,2,46813,0
49,27,43,38,173,29,24154,0
97,44,35,7,108,102,46779,1
14,35,40,8,47,29,6467,0
96,58,10,7,196,25,20677,0
70,41,36,39,82,105,6304,1
74,52,12,16,192,83,16912,0
70,34,32,4,194,133,4099,1
46,49,33,17,157,128,9588,1
87,44,8,13,15,189,921,1
83,40,47,4,66,91,44561,1
97,52,48,48,106,69,526,1
42,39,26,41,8,191,5035,1
89,40,9,16,48,171,20736,1
54,33,40,38,94,41,38122,0
70,27,1,28,85,138,19176,1
80,66,19,27,180,133,22811,1
22,46,12,43,162,25,33494,0
98,59,23,17,37,51,2709,0
47,57,16,10,12,65,47412,0
11,42,13,48,50,106,39838,1
44,47,1,43,36,16,39033,0
21,59,20,39,23,141,21096,1
26,44,27,22,132,195,45390,1
40,66,43,10,77,73,7974,1
28,69,3,17,152,65,9859,0
72,30,36,46,109,197,28568,1
23,56,4,28,164,105,35311,1
83,52,34,11,11,118,28018,1
40,61,32,21,35,58,5835,0
18,32,35,41,120,153,35489,1
18,48,14,33,150,98,20567,1
51,31,46,17,37,28,32472,0
98,38,8,31,134,164,34209,1
70,34,11,9,177,19,18215,0
16,56,27,33,133,108,30045,1
83,69,8,37,120,61,29845,0
87,61,23,48,69,112,48508,1
83,54,42,40,164,58,39360,1
38,31,35,20,109,22,43847,0
82,33,31,0,113,144,2613,1
90,33,13,38,131,27,28219,0
32,37,7,11,145,107,2355,1
27,35,3,44,144,24,15143,0
99,25,4,23,43,95,39677,1
12,52,39,47,14,66,7336,1
79,48,34,29,75,154,29787,1
91,37,39,6,165,33,27609,0
70,64,25,47,72,166,5197,1
97,51,37,9,10,66,24507,0
57,51,24,12,13,135,23430,1
19,44,6,36,162,124,34749,1
59,55,45,37,198,101,24322,1
60,66,49,29,76,79,42710,1
13,48,47,46,141,188,22827,1
70,36,5,36,132,182,10151,1
67,54,36,31,25,58,430,1
49,52,43,1,123,154,26015,1
40,34,12,30,105,155,44760,1
67,35,43,49,136,34,10505,1
24,67,9,1,185,18,1518,0
18,29,44,42,29,186,29321,1
46,49,45,21,108,181,13635,1
66,65,34,6,149,179,34179,1
26,55,4,43,191,36,4872,0
35,42,32,33,112,138,17201,1
88,33,14,14,23,118,11366,1
13,44,24,12,102,155,10604,1
81,46,37,16,132,37,10885,0
89,59,28,26,111,147,38554,1
73,33,47,21,20,171,43244,1
89,37,29,23,102,136,37258,1
90,48,42,4,104,189,37955,1
97,46,13,2,20,183,27791,1
50,51,1,25,192,64,20384,0
47,51,4,11,125,106,46762,1
55,35,12,16,122,122,29120,1
25,50,9,11,138,23,27937,0
13,46,46,27,17,28,13720,0
33,61,45,13,159,157,1629,1
95,67,49,35,26,187,29019,1
28,66,3,22,93,152,22578,1
13,42,12,13,134,20,33867,0
28,52,47,20,130,36,43951,0
99,48,32,38,72,125,12453,1
65,36,48,11,192,72,23951,1
55,69,13,45,91,79,16878,1
98,67,15,10,166,135,47686,1
15,46,11,3,118,83,19264,0
20,31,29,16,138,74,27581,0
42,64,38,15,145,111,13357,1
45,35,33,34,56,63,48124,1
77,34,48,0,45,26,33107,0
52,58,40,7,194,149,24808,1
14,65,42,18,141,158,37385,1
16,26,42,12,24,9,22232,0
19,57,7,1,85,100,5828,0
57,42,30,24,113,165,23657,1
58,41,23,44,108,138,21371,1
38,60,35,5,162,34,45895,0
25,65,20,15,33,136,7156,1
82,31,49,2,25,5,5134,0
23,37,18,26,48,191,40011,1
10,57,31,41,95,136,45313,1
50,60,26,21,27,116,9151,1
86,25,24,2,85,139,49722,1
66,53,18,22,107,146,21929,1
54,25,37,47,143,80,43412,1
81,65,36,8,141,131,2690,1
51,56,11,24,179,166,21779,1
85,32,4,48,191,153,42943,1
85,44,41,38,118,60,47430,1
59,26,42,11,191,136,43859,1
98,42,47,8,179,16,49724,0
19,62,30,43,101,184,37587,1
94,31,47,37,184,26,46223,0
66,25,46,33,15,76,7381,1
72,53,28,18,67,148,45311,1
62,44,32,29,155,170,36052,1
17,40,19,24,171,61,38282,0
13,67,20,7,137,61,4573,0
99,57,44,1,187,132,34344,1
11,32,24,11,46,123,44436,1
36,48,32,7,2,4,47039,0
97,61,36,19,9,71,35927,1
48,32,31,12,170,23,28260,0
22,37,34,25,151,124,46666,1
83,57,40,27,31,199,11508,1
69,49,11,33,114,114,20475,1
60,32,16,37,50,117,38354,1
24,29,32,45,162,163,21913,1
33,43,44,14,32,97,48979,1
36,50,26,5,178,93,37571,1
68,34,41,15,133,155,31375,1
18,47,27,3,3,140,48866,1
12,53,32,17,123,63,6316,0
55,36,26,14,92,132,12579,1
53,36,48,42,49,55,24714,1
14,44,48,11,125,182,32176,1
60,49,15,40,126,73,26996,1
65,65,33,49,85,16,8184,0
74,43,28,34,145,194,17217,1
20,65,9,4,48,69,12996,0
44,45,3,7,155,3,31854,0
18,57,43,30,87,176,24465,1
17,51,29,20,38,107,32848,1
71,61,6,17,45,184,10523,1
79,25,38,43,161,168,47920,1
42,28,48,10,85,7,10057,0
82,42,43,4,55,175,16272,1
78,67,30,21,38,126,48710,1
92,49,3,29,68,94,46205,1
40,37,36,38,108,180,47768,1
26,46,32,44,118,28,20016,0
31,49,17,16,190,21,35488,0
83,61,42,27,99,160,32720,1
42,44,41,37,83,94,39257,1
44,27,17,47,145,95,14533,1
80,45,39,40,0,64,37400,1
35,49,6,46,67,124,46482,1
50,31,5,39,182,68,40162,0
42,47,1,36,19,55,11250,0
86,27,47,19,115,47,45021,0
84,26,22,4,25,142,18008,1
34,45,23,3,40,183,46919,1
65,55,8,9,147,34,24782,0
52,27,8,32,10,133,32452,1
33,58,31,35,133,92,16478,1
62,67,40,33,7,72,15434,1
40,37,9,24,98,66,49187,0
30,30,4,29,28,63,46085,0
52,54,28,40,94,79,17624,1
89,69,33,42,9,171,25602,1
90,62,32,12,182,15,19931,0
34,31,17,6,79,30,35984,0
22,29,4,31,47,124,2281,1
32,31,39,37,141,133,23506,1
85,57,37,20,159,165,49815,1
98,56,13,22,89,87,11322,1
50,52,14,47,176,103,37313,1
94,46,11,27,158,112,18146,1
55,47,19,33,35,87,29614,1
23,34,42,33,27,55,33951,1
93,63,27,16,95,51,39762,0
18,37,24,19,82,115,42024,1
64,60,23,12,117,175,42529,1
97,64,45,7,140,43,29592,0
32,69,5,39,23,123,13286,1
37,48,46,32,24,53,37976,1
88,37,17,24,46,132,34002,1
21,42,7,30,120,55,33774,0
40,49,6,2,188,27,6547,0
44,69,48,21,21,133,25618,1
70,30,48,32,160,11,20595,0
60,67,35,41,84,150,37510,1
43,49,7,45,43,32,6596,0
54,49,27,11,58,136,31882,1
32,58,38,15,94,90,3435,1
68,64,4,27,161,166,28236,1
82,42,43,10,129,163,2014,1
46,47,17,27,64,190,25061,1
29,26,10,21,184,94,47096,1
28,44,47,45,13,165,36742,1
23,39,34,3,129,24,26116,0
31,29,40,39,156,69,9283,1
69,36,26,14,14,131,26233,1
55,30,14,41,146,32,38023,0
14,39,3,13,137,117,34976,1
56,26,46,2,43,99,23700,1
96,51,16,2,178,28,37673,0
33,60,1,48,155,163,23839,1
59,28,19,8,18,160,18692,1
97,46,47,48,67,116,32715,1
14,27,11,24,119,83,37658,0
12,69,2,24,10,128,1795,1
83,46,36,17,138,133,20609,1
20,68,14,24,83,46,12787,0
30,25,14,23,123,35,33782,0
95,62,22,37,103,57,5778,0
24,44,4,20,135,46,24174,0
73,60,13,14,131,111,40573,1
21,54,46,18,20,97,37665,1
54,36,21,22,170,22,31618,0
62,67,24,22,185,177,1831,1
70,52,44,41,193,75,42461,1
17,68,4,33,64,118,47717,1
93,60,30,30,107,102,17260,1
20,26,43,7,174,5,23773,0
53,54,23,48,185,118,16220,1
32,52,11,1,82,165,32100,1
46,43,28,41,141,17,1026,0
52,38,7,37,15,20,18358,0
77,47,30,45,87,38,25628,0
20,36,32,14,157,34,46672,0
65,55,20,36,199,22,26313,0
33,54,32,35,46,196,23854,1
58,67,47,3,51,109,17398,1
29,66,32,9,48,57,31480,0
73,61,46,36,116,12,38883,0
26,36,37,36,45,186,22466,1
97,66,24,20,7,19,11883,0
41,25,9,45,177,31,27730,0
15,67,35,11,22,173,40866,1
82,31,31,23,153,145,17440,1
61,52,32,43,113,176,31672,1
81,34,31,31,148,79,24035,1
55,55,43,8,191,30,8758,0
95,69,34,8,151,196,39339,1
39,67,3,14,27,176,13440,1
14,47,41,40,64,174,25484,1
22,51,28,22,49,181,40479,1
17,34,38,18,85,64,14160,0
60,47,22,6,18,32,44279,0
16,45,26,39,90,92,30804,1
53,30,47,23,51,197,36989,1
48,30,11,43,65,107,15220,1
81,38,40,39,50,49,8884,1
31,47,14,27,44,198,36960,1
24,39,4,15,27,0,47464,0
44,53,24,7,199,98,28253,1
37,41,29,12,1,158,3301,1
30,52,26,22,134,37,13475,0
30,67,19,48,178,103,38251,1
81,31,24,6,37,136,18519,1
99,55,40,25,61,0,45152,0
99,63,49,18,162,99,1856,1
93,67,3,36,106,142,15270,1
59,64,29,38,20,6,33673,0
78,61,27,37,0,155,27851,1
77,36,49,21,86,61,12252,1
96,58,18,7,128,171,46099,1
41,62,27,5,89,148,32719,1
46,49,23,38,20,131,20158,1
92,56,40,36,92,144,14228,1
63,34,14,28,53,108,40132,1
53,32,3,48,131,100,10059,1
66,61,28,13,49,159,42548,1
99,46,28,49,10,152,21667,1
94,26,22,49,172,177,40412,1
40,61,34,43,113,99,43960,1
27,53,7,6,188,95,30191,0
85,59,19,22,89,52,17276,0
30,38,19,3,11,154,14799,1
72,32,15,26,8,130,1321,1
32,43,25,45,199,97,17345,1
92,36,1,36,101,150,35725,1
69,61,22,10,168,39,23337,0
13,30,19,8,13,17,30708,0
94,36,35,8,32,46,49679,0
24,59,3,38,51,123,22904,1
75,32,37,33,71,5,7195,0
49,61,5,21,189,193,10641,1
94,60,39,24,182,171,39100,1
87,57,47,24,159,107,10750,1
37,43,25,44,38,84,36436,1
73,32,38,0,158,80,44573,0
48,44,10,32,143,4,41608,0
77,50,43,38,152,76,5167,1
17,53,12,34,94,42,20935,0
35,38,38,27,93,184,41787,1
43,66,49,41,174,166,17751,1
84,33,7,18,187,195,27708,1
41,65,20,41,189,122,27796,1
23,42,48,15,58,196,48154,1
93,60,30,22,130,41,28069,0
20,46,38,40,79,132,28777,1
40,29,34,40,99,80,40931,1
86,40,41,18,186,135,17778,1
80,50,31,31,6,72,37017,1
58,62,39,21,180,109,27512,1
43,65,29,38,68,93,25568,1
99,28,28,16,14,4,42626,0
88,25,27,43,170,142,43109,1
15,48,3,36,6,86,43106,1
21,59,29,33,30,43,14999,0
78,30,17,49,61,37,17250,0
29,62,34,25,63,54,36299,0
96,34,0,31,61,92,28683,1
83,45,15,48,184,111,9144,1
11,31,4,33,25,5,15750,0
78,33,19,19,161,25,14746,0
61,31,2,12,164,63,34750,0
29,28,13,14,40,103,32955,1
62,51,31,6,66,26,34040,0
92,36,16,0,44,57,42660,0
59,63,40,23,75,171,49818,1
78,51,28,46,153,21,22315,0
50,57,9,11,65,182,19019,1
33,49,24,42,33,92,18300,1
39,44,2,23,136,36,28356,0
48,39,3,11,90,19,21973,0
39,45,26,49,59,40,21316,0
96,69,4,19,58,169,19529,1
93,39,34,26,190,0,36698,0
61,66,46,1,89,128,34147,1
31,44,33,15,129,69,15360,0
23,58,6,21,100,1,31864,0
24,56,16,5,199,35,46605,0
15,67,0,18,43,121,28589,1
18,39,25,21,151,17,5434,0
67,61,2,17,136,178,9649,1
73,59,22,39,116,78,18280,1
19,31,44,3,158,152,44102,1
87,27,45,3,148,158,16120,1
45,39,1,7,20,94,17101,0
98,62,25,31,190,153,25189,1
34,61,29,28,119,20,18712,0
10,65,18,46,44,51,22919,0
68,26,46,48,17,27,48788,1
16,27,47,26,152,18,1874,0
75,66,13,41,149,105,42568,1
99,55,20,23,67,91,30014,1
23,53,16,45,13,194,31475,1
39,30,13,25,57,77,38373,0
97,34,29,18,145,31,48141,0
93,41,7,19,100,197,9579,1
80,36,17,19,134,96,15000,1
61,65,1,18,163,27,45312,0
81,69,4,9,137,61,33657,0
12,35,4,47,163,191,30753,1
15,58,41,20,151,93,43953,1
41,57,6,23,61,167,34357,1
44,65,46,1,176,12,25031,0
28,52,35,48,89,113,45755,1
10,29,36,20,192,129,33788,1
13,33,12,39,167,182,4365,1
93,65,0,15,174,82,3803,0
47,41,1,47,31,31,277,0
59,55,33,20,164,26,23370,0
57,41,20,38,167,69,17252,1
79,39,39,6,66,155,13866,1
74,30,34,23,89,99,14124,1
69,50,31,40,23,63,26570,1
60,42,12,31,24,153,3719,1
36,52,22,6,154,143,42515,1
28,30,21,13,179,5,29015,0
55,53,14,17,56,94,22768,1
99,38,4,0,6,19,42481,0
62,36,30,26,31,188,42089,1
64,59,25,6,134,11,27692,0
22,31,9,37,37,148,21403,1
79,56,44,46,160,165,35608,1
93,32,11,3,159,87,14513,0
20,31,3,5,108,8,46817,0
83,27,11,13,75,198,44870,1
42,39,27,27,3,156,14444,1
75,50,36,35,136,105,49400,1
52,49,48,37,160,186,167,1
42,44,39,0,141,19,17780,0
63,53,19,22,5,109,44310,1
90,27,18,18,165,162,35306,1
70,34,8,28,106,70,29080,0
16,65,47,24,51,6,22233,0
59,27,6,8,195,90,17660,0
71,62,3,40,14,33,38101,0
15,49,25,33,105,140,13753,1
40,33,46,32,103,94,11949,1
66,44,42,43,199,107,11393,1
90,46,18,43,98,88,17799,1
39,37,14,37,33,49,36102,0
29,48,3,27,102,124,22253,1
83,39,29,4,81,4,18339,0
92,44,23,3,99,131,7620,1
70,66,32,40,107,23,1089,0
30,69,40,48,95,24,43687,0
70,42,30,2,36,74,7630,0
81,47,30,42,176,174,44006,1
50,43,34,33,6,58,5894,1
63,42,21,5,93,134,14961,1
42,44,39,7,153,146,41418,1
75,53,37,48,121,51,20321,1
49,65,35,42,197,178,49623,1
26,26,18,18,181,126,37025,1
13,30,8,47,115,179,20722,1
87,58,46,44,120,5,34044,0
87,33,36,44,112,96,32255,1
41,47,38,6,171,153,19721,1
52,57,36,0,18,8,26198,0
37,47,0,10,74,104,29764,0
57,61,9,13,189,186,46924,1
87,55,13,43,193,192,37991,1
83,40,26,10,134,57,2468,0
61,56,36,31,21,40,24228,0
32,69,35,2,28,128,48757,1
21,49,19,9,174,39,43616,0
92,62,5,49,7,12,15235,0
42,29,16,1,93,18,8469,0
45,59,30,10,76,16,32964,0
82,61,5,38,103,84,3074,1
40,61,28,45,92,67,8312,1
37,65,21,27,132,72,25141,0
83,26,3,1,114,123,43345,1
52,60,1,16,91,151,10663,1
50,33,42,35,93,185,31329,1
21,30,45,28,107,82,11076,1
56,54,9,45,36,199,19621,1
75,47,24,36,92,55,39277,0
87,32,21,14,4,118,33384,1
48,66,5,10,172,113,8796,1
60,44,8,30,93,124,17693,1
68,55,36,45,196,66,44017,1
70,57,19,11,40,88,39688,0
82,44,33,27,134,193,32361,1
29,43,18,16,69,152,7853,1
38,63,32,6,31,78,44412,0
51,43,25,1,54,14,5749,0
60,40,42,3,176,81,10019,1
65,67,31,43,117,170,18743,1
44,32,14,10,114,75,29387,0
36,41,19,42,185,63,29908,1
87,39,43,11,46,163,29921,1
96,27,40,18,31,49,11264,0
66,57,4,24,42,154,26874,1
36,38,33,4,64,107,17591,1
91,57,29,8,65,104,30371,1
76,56,39,35,61,113,21767,1
33,46,15,20,149,44,19742,0
92,26,10,39,171,23,1019,0
24,28,4,6,117,32,45151,0
14,32,36,28,69,89,12548,1
79,65,7,0,31,41,49266,0
19,31,6,5,170,66,24121,0
54,66,15,27,3,36,10361,0
37,54,12,31,119,35,31406,0
82,38,21,10,133,62,41239,0
86,47,30,16,110,171,10938,1
56,33,28,10,173,95,25160,1
88,60,46,45,172,119,19480,1
27,60,22,39,190,66,45736,1
54,34,34,8,154,112,8541,1
99,44,7,47,24,175,9894,1
47,57,8,37,26,6,27581,0
52,55,12,21,130,28,7351,0
15,36,24,3,96,116,38188,1
53,33,34,24,15,127,19961,1
41,25,13,3,107,189,10705,1
16,28,31,22,18,36,16507,0
51,46,19,16,178,85,37515,0
67,60,36,44,3,97,37613,1
21,66,33,2,54,68,31142,0
81,45,2,47,156,127,40816,1
74,41,4,43,122,41,48727,0
59,51,2,23,192,21,28777,0
80,46,5,39,174,20,28736,0
46,67,49,22,86,137,9653,1
56,40,43,24,167,183,15670,1
61,52,3,48,53,167,3973,1
24,56,6,14,17,0,8139,0
23,33,47,21,35,161,36949,1
87,30,45,41,84,166,38232,1
85,52,34,27,92,110,41845,1
16,45,9,43,57,22,42709,0
16,27,20,15,31,148,19463,1
63,53,25,49,74,57,38639,1
14,48,45,45,62,110,15053,1
82,54,32,41,188,7,28866,0
37,49,37,24,90,164,20859,1
72,50,30,18,187,84,9364,1
10,50,43,25,167,131,4523,1
22,31,28,6,22,14,29610,0
46,61,31,1,85,62,28858,0
88,42,31,41,71,78,32210,1
66,42,26,34,44,197,24596,1
42,44,43,40,83,147,40871,1
77,52,48,8,162,73,26118,1
66,30,31,33,119,149,3481,1
38,39,43,38,76,128,27640,1
85,38,17,19,105,70,7283,0
53,35,3,2,171,140,1179,1
22,63,27,29,136,174,28389,1
68,54,1,11,36,32,39945,0
45,27,18,16,162,175,31997,1
54,63,7,10,46,143,14490,1
85,39,37,0,117,48,27350,0
86,31,3,38,167,186,19660,1
18,55,28,14,194,154,2342,1
70,67,19,12,120,122,10547,1
24,27,27,30,61,100,19311,1
88,61,14,4,187,3,32216,0
36,43,19,31,8,119,9820,1
11,28,48,41,67,21,21087,0
61,42,34,42,59,59,28753,1
27,59,48,9,75,22,41795,0
94,65,26,30,10,73,27122,1
81,37,43,30,167,102,7131,1
10,41,7,48,114,66,13848,1
15,33,38,21,33,65,24217,1
23,30,2,39,78,30,24266,0
43,58,34,2,68,0,36781,0
39,38,22,30,59,191,14973,1
70,40,19,11,127,125,27355,1
32,60,34,25,89,11,397,0
83,32,38,38,191,40,18973,0
57,58,18,34,33,67,37305,0
73,31,16,48,65,102,46217,1
24,42,48,26,114,165,21491,1
48,68,28,34,112,180,36691,1
76,25,1,40,101,164,4176,1
58,31,4,26,44,159,47350,1
91,40,21,32,6,173,17777,1
33,59,10,35,160,172,8889,1
26,48,30,5,64,20,11184,0
88,47,16,32,66,187,6930,1
78,51,27,27,45,181,47149,1
88,26,32,6,142,166,194,1
41,46,0,2,198,47,4186,0
43,31,2,18,104,132,21099,1
98,27,1,35,121,86,13472,1
92,42,21,48,182,131,46712,1
37,26,40,46,100,137,14800,1
31,40,23,14,123,94,49300,1
55,52,22,37,42,173,41000,1
21,69,2,46,196,160,6730,1
47,43,23,28,75,141,41888,1
38,63,44,15,93,44,8611,0
85,45,49,34,51,84,15585,1
12,33,25,38,186,117,15681,1
42,36,20,21,152,128,32351,1
41,55,4,42,29,126,33665,1
22,37,8,21,184,161,37791,1
88,27,17,5,4,108,48261,1
46,62,2,13,123,93,14019,0
88,31,44,39,30,194,33185,1
72,26,24,5,149,111,39679,1
91,63,20,23,158,31,19734,0
95,25,41,8,102,77,44145,1
75,52,47,43,132,150,27853,1
56,41,43,12,90,173,431,1
19,39,48,42,95,132,35001,1
87,52,0,41,54,111,6874,1
34,58,8,46,54,141,44776,1
26,40,27,5,44,73,35695,0
23,44,43,10,186,101,49254,1
97,58,32,24,70,108,18827,1
84,64,14,17,89,160,33651,1
67,50,29,22,154,60,4632,0
71,53,45,15,87,1,44620,0
79,68,5,44,188,147,49264,1
25,37,2,17,189,76,18596,0
61,36,21,41,152,150,27625,1
22,25,7,3,104,134,19576,1
10,31,12,2,101,6,956,0
71,37,43,22,7,137,18043,1
52,26,12,9,147,29,1419,0
61,58,16,24,140,56,18639,0
96,52,31,39,120,134,31594,1
18,66,18,48,181,184,43477,1
26,65,1,1,51,96,2265,0
28,37,24,47,115,65,44088,1
32,68,1,20,115,47,25263,0
44,39,10,22,92,78,24614,0
73,46,39,22,147,115,47973,1
51,58,36,36,25,178,44946,1
42,34,45,2,30,62,22053,0
34,64,39,25,97,152,12430,1
29,63,25,39,72,137,31526,1
55,44,22,47,152,68,24203,1
40,69,3,20,94,98,19223,1
84,29,19,47,171,106,39036,1
54,56,34,18,71,116,33889,1
65,48,39,39,15,62,42386,1
35,34,34,36,9,122,31465,1
94,56,1,40,162,152,7606,1
42,25,22,34,68,62,14457,0
39,40,11,13,147,66,13613,0
56,51,41,29,146,90,2502,1
56,32,38,1,45,79,43964,0
76,40,31,0,36,153,3551,1
82,47,4,18,35,75,47461,0
95,37,22,21,26,44,11244,0
61,50,32,37,53,104,5476,1
71,33,43,43,23,31,8411,0
23,55,26,4,35,156,8650,1
26,52,43,18,83,139,3031,1
42,37,45,19,132,108,38477,1
11,49,31,48,103,157,38555,1
15,38,16,9,189,0,576,0
23,42,25,10,128,155,6320,1
74,36,45,24,192,141,36386,1
68,41,30,17,178,148,26010,1
56,49,36,22,65,132,19796,1
96,26,39,39,3,106,37610,1
39,62,12,18,113,126,45868,1
96,50,19,31,8,145,20708,1
46,53,36,13,2,194,4496,1
74,66,48,22,102,155,12306,1
10,30,3,7,70,6,39209,0
69,28,40,41,141,74,12292,1
57,55,20,20,119,99,10432,1
87,34,39,41,111,4,31822,0
85,42,43,24,169,187,35619,1
55,36,40,41,19,16,10280,0
27,44,27,41,45,29,6968,0
82,67,11,36,110,181,42197,1
44,40,27,49,68,116,2272,1
40,63,5,32,169,100,32664,1
52,32,46,32,107,11,19158,0
77,26,29,25,101,52,19007,0
70,27,0,21,18,182,41510,1
51,52,6,44,35,148,12885,1
46,61,21,29,128,45,20858,0
13,40,28,37,36,167,1716,1
78,68,44,34,54,55,12988,1
12,36,0,0,170,0,26597,0
37,30,18,44,177,164,16037,1
84,27,5,33,111,93,39300,1
10,58,38,26,120,107,23243,1
81,68,35,42,97,133,33229,1
66,29,33,10,65,18,38769,0
20,50,24,29,145,184,16170,1
90,42,33,32,116,132,18349,1
83,40,41,27,102,99,39013,1
96,37,16,38,18,103,2599,1
34,26,43,11,155,91,40882,1
72,59,33,16,142,92,10948,1
51,31,40,18,152,70,25258,1
27,56,7,2,12,158,9906,1
12,55,46,17,84,175,17591,1
73,37,41,39,56,88,21511,1
25,37,28,45,194,33,40761,0
10,48,44,26,119,149,21664,1
26,44,12,22,43,77,30476,0
52,68,12,11,164,65,43164,0
43,62,24,6,150,183,16184,1
78,27,27,10,86,101,15000,1
79,45,24,33,107,4,7459,0
33,31,47,36,129,36,32270,0
44,32,43,21,28,144,35657,1
73,31,0,8,39,24,36237,0
67,44,12,34,13,137,37979,1
30,25,29,5,25,14,19738,0
87,63,0,16,90,57,21463,0
53,67,12,24,71,13,16493,0
68,58,13,19,181,28,2761,0
21,41,12,10,28,97,20284,0
87,47,3,1,101,85,35901,0
73,45,16,48,126,1,22559,0
33,33,41,12,160,193,37596,1
26,41,22,15,141,32,39022,0
17,66,49,45,136,133,30012,1
34,58,14,33,45,107,43472,1
66,57,40,22,197,182,8028,1
47,43,28,12,175,108,36422,1
52,61,47,11,70,9,25034,0
16,52,30,33,155,24,18163,0
29,46,29,19,121,112,5831,1
38,67,42,40,187,42,17859,1
20,49,18,22,18,93,16629,1
76,36,8,13,187,182,11675,1
94,28,48,2,113,136,23107,1
58,44,33,8,77,192,10738,1
72,47,12,49,18,73,6046,1
18,53,49,7,172,108,18397,1
71,25,9,14,1,70,20450,0
55,62,47,27,88,77,28353,1
44,68,33,33,124,134,25350,1
20,25,10,49,191,158,26794,1
83,36,10,1,25,166,35158,1
38,48,24,47,22,61,1547,1
10,48,24,21,69,121,46466,1
67,27,30,38,13,21,29686,0
24,34,25,20,17,147,6414,1
70,59,22,0,74,68,25714,0
86,40,18,22,161,188,29311,1
12,60,33,2,8,196,28634,1
40,46,15,20,57,187,19836,1
48,60,1,35,167,110,49098,1
46,68,30,1,126,10,40405,0
15,69,35,24,189,13,14970,0
40,55,6,1,87,88,4396,0
26,58,48,22,191,104,8762,1
51,57,41,3,170,52,5625,0
88,56,1,28,110,92,19245,1
77,31,35,7,54,102,30946,1
66,43,33,45,190,15,9309,0
39,28,9,23,0,16,33651,0
36,66,1,11,25,81,39700,0
32,52,5,33,99,44,13179,0
45,61,27,27,171,112,2485,1
43,59,38,36,97,99,25897,1
73,39,38,24,15,138,43991,1
48,31,41,38,102,44,47588,1
16,50,31,6,130,28,40715,0
71,62,32,4,33,198,38735,1
98,57,4,47,36,42,14383,0
51,56,11,29,58,36,14942,0
18,50,45,42,6,48,44586,1
26,34,1,5,48,128,1738,1
36,65,41,1,32,117,44819,1
82,61,11,14,63,9,20965,0
26,30,39,13,26,31,1138,0
81,56,26,42,181,198,43481,1
61,52,35,12,106,145,28567,1
62,47,48,2,170,2,10320,0
44,69,40,32,45,163,33143,1
38,51,5,16,105,143,29022,1
47,31,18,5,118,100,15839,1
44,33,40,21,35,143,48815,1
70,35,3,18,176,187,24467,1
19,26,11,26,7,99,13867,1
38,48,5,41,62,62,5915,0
66,48,24,21,40,137,20355,1
79,25,13,31,103,177,33055,1
47,61,23,47,164,67,36396,1
69,65,29,36,56,99,45620,1
24,46,43,44,186,169,5577,1
60,65,14,2,131,28,23268,0
99,52,42,30,54,151,13150,1
21,68,34,39,191,24,37539,0
10,34,0,10,107,179,9020,1
52,66,43,19,61,48,32556,0
28,54,10,28,77,85,26382,1
36,36,2,25,96,149,35292,1
29,59,14,48,185,173,43186,1
56,60,5,18,44,2,379,0
49,34,33,2,198,116,19719,1
41,55,14,31,44,60,33458,0
31,50,19,21,43,10,42862,0
53,45,31,39,6,18,43443,0
20,29,27,35,25,113,38003,1
52,31,6,32,198,109,6945,1
79,29,14,35,18,133,47967,1
69,31,37,31,90,73,4807,1
92,58,13,40,98,118,23042,1
81,54,1,46,23,103,38399,1
72,25,25,30,21,111,9679,1
36,28,13,15,115,22,16434,0
22,47,10,24,188,155,5381,1
75,46,41,47,182,164,4520,1
23,40,0,16,142,145,7529,1
55,32,26,17,109,2,810,0
52,65,47,20,95,116,31887,1
36,40,36,26,150,188,38503,1
86,27,21,47,147,147,47684,1
90,57,3,6,149,130,18470,1
24,29,26,3,15,88,9804,0
71,52,41,38,63,133,10498,1
29,55,38,41,184,88,7436,1
90,63,36,28,13,144,24534,1
69,60,21,44,82,126,22933,1
34,25,34,38,6,29,547,0
44,28,9,26,171,47,24655,0
51,48,39,37,133,61,2616,1
57,59,28,35,199,3,7379,0
44,29,18,18,69,37,39624,0
12,28,27,11,94,33,3127,0
11,64,42,41,118,46,13631,1
81,42,3,21,21,150,43147,1
32,35,9,18,80,90,8154,0
13,69,23,12,190,113,29037,1
76,55,23,43,149,52,33303,0
26,34,49,15,75,188,25974,1
72,62,29,41,53,168,5232,1
33,40,35,31,108,196,37399,1
68,40,31,9,140,156,46737,1
96,34,44,6,117,162,33357,1
35,62,47,38,82,141,13922,1
92,41,28,8,157,195,39040,1
89,37,32,27,52,178,42726,1
71,45,17,10,103,90,30339,0
28,42,28,18,72,82,12507,1
14,30,0,11,89,187,6325,1
97,45,43,30,39,74,4335,1
86,67,48,13,23,87,15657,1
59,56,37,36,117,78,32070,1
70,53,47,45,157,38,13556,1
68,55,43,43,97,86,48244,1
82,60,18,25,190,172,24121,1
45,57,9,16,69,91,12784,0
79,26,2,26,84,85,5082,0
88,66,45,18,38,33,33428,0
74,57,33,12,43,177,14295,1
63,57,29,32,196,138,7804,1
35,69,29,8,186,108,25285,1
80,45,25,11,132,46,42209,0
18,27,49,28,17,107,15462,1
24,57,28,45,152,31,6608,0
98,48,44,46,113,5,20707,0
27,68,40,19,97,57,33390,0
85,42,14,4,144,195,6076,1
69,67,43,13,144,169,45458,1
97,35,0,43,49,182,20881,1
12,40,9,34,174,92,15166,1
86,64,40,6,1,77,35658,1
96,60,12,39,47,31,48559,0
26,68,16,1,51,0,802,0
58,40,25,20,146,0,41193,0
94,36,31,12,105,14,2798,0
27,69,31,36,120,88,21034,1
33,28,46,41,132,81,38560,1
51,64,14,11,128,86,9100,0
11,46,48,36,69,24,21519,0
83,52,8,16,181,186,31016,1
28,41,30,20,116,79,25533,1
70,65,17,43,114,136,24499,1
34,43,6,18,9,28,18016,0
43,64,32,33,91,92,39966,1
96,56,43,6,83,127,32374,1
81,65,19,47,8,100,42722,1
79,32,39,43,64,143,42506,1
93,52,5,3,65,79,34231,0
62,59,4,49,39,128,10359,1
87,41,7,49,81,142,32869,1
65,43,41,8,104,113,19500,1
35,46,8,45,188,188,18543,1
86,36,42,46,151,106,43597,1
21,40,48,41,86,41,27964,1
34,61,32,43,150,148,27024,1
54,64,45,48,175,3,18432,0
47,51,7,12,117,68,26140,0
47,54,45,17,10,49,34756,0
77,47,27,48,9,77,46140,1
11,31,33,48,150,9,8809,0
62,61,35,24,92,69,41100,1
31,33,21,30,41,75,35137,1
52,28,30,19,142,61,48256,0
67,48,10,15,141,152,48653,1
63,61,3,49,40,172,25813,1
61,44,46,24,58,89,27947,1
20,25,23,38,108,171,11160,1
85,42,27,47,75,143,31026,1
22,47,30,8,125,191,17159,1
78,29,24,9,100,122,21828,1
95,31,41,7,97,36,37781,0
15,65,7,37,196,127,6049,1
86,49,24,44,17,196,24547,1
94,48,10,20,53,173,12403,1
75,34,24,40,171,109,48489,1
30,50,1,46,101,159,11383,1
28,27,13,37,126,59,43750,0
33,48,13,19,171,186,26526,1
80,59,34,18,117,162,35714,1
73,26,26,47,158,0,8433,0
47,61,26,20,142,69,21936,0
49,37,36,6,104,167,34392,1
66,45,37,46,79,67,46545,1
26,39,48,30,47,86,42800,1
20,41,32,19,149,42,25584,0
17,25,19,35,196,45,20863,0
57,31,33,1,6,169,5558,1
90,69,47,32,33,110,48509,1
84,63,22,21,158,114,36940,1
58,50,1,32,52,127,34578,1
78,31,9,39,16,131,24954,1
56,64,20,46,48,15,40435,0
37,33,11,22,78,2,34040,0
64,66,25,32,65,190,11161,1
16,51,11,0,120,141,11638,1
32,44,27,18,7,43,11579,0
16,55,23,23,64,169,25418,1
44,64,4,45,175,88,26957,1
13,42,4,25,74,143,25385,1
44,59,22,21,139,132,27101,1
76,46,22,35,138,178,14115,1
87,60,20,48,173,31,2522,0
67,58,25,13,3,173,41384,1
44,27,40,27,110,102,25464,1
88,38,44,44,154,180,45995,1
75,41,26,40,61,135,41215,1
58,41,1,23,143,65,12952,0
22,46,36,31,51,18,1671,0
50,34,0,12,3,18,35426,0
15,44,40,7,162,87,7228,1
83,45,6,22,113,115,28208,1
59,41,39,10,16,16,27494,0
49,64,17,7,100,40,23135,0
49,61,44,9,14,43,37924,0
20,65,47,16,111,115,49210,1
10,34,24,45,51,174,19462,1
66,38,32,13,116,1,21341,0
30,47,48,29,170,37,1485,0
71,33,23,4,93,120,16427,1
56,42,18,35,150,29,12596,0
86,53,47,48,67,43,34193,1
68,38,0,14,138,99,8024,0
47,27,34,19,81,188,49519,1
37,44,24,21,155,162,47804,1
90,49,19,1,6,65,41846,0
71,31,10,24,189,100,9299,1
15,57,31,39,199,93,3975,1
62,45,10,40,46,95,43449,1
82,27,4,5,108,108,35621,0
55,25,1,32,25,98,19717,1
51,58,46,40,162,139,26675,1
24,69,18,2,47,149,25190,1
53,26,18,5,104,98,36591,1
43,28,9,23,4,64,2592,0
16,48,24,28,7,148,13064,1
21,40,16,4,124,125,6219,1
69,62,33,10,170,135,44624,1
72,67,21,48,171,56,23167,1
81,54,6,31,16,64,37332,0
87,67,6,15,170,162,49793,1
93,28,18,18,124,144,33167,1
82,30,4,41,110,16,40469,0
82,65,11,42,49,76,49018,1
18,63,13,22,75,135,27402,1
27,46,0,48,127,54,19179,0
82,26,40,11,142,34,5205,0
36,69,48,33,57,20,7959,0
11,49,44,7,142,16,20601,0
22,56,35,16,188,56,41906,0
50,46,17,32,133,88,21234,1
47,37,46,1,140,88,15264,1
48,28,5,18,165,48,21005,0
22,67,24,29,38,83,20565,1
53,64,38,43,42,100,31684,1
13,63,12,44,142,47,29201,0
96,53,10,6,13,154,17584,1
30,62,13,47,181,38,8152,0
82,66,36,31,126,189,43170,1
90,60,35,17,26,41,33696,0
73,32,40,24,86,96,1255,1
63,39,27,41,67,142,41150,1
59,60,39,35,171,114,34463,1
29,51,4,21,38,195,36928,1
44,32,10,5,149,26,442,0
65,44,15,15,154,32,46304,0
93,47,31,37,112,126,11789,1
61,66,7,16,182,93,48763,0
64,58,43,23,42,77,46149,1
35,28,24,34,137,194,22637,1
29,60,47,10,124,155,16034,1
37,40,12,8,12,18,4994,0
63,28,28,15,185,49,48573,0
35,29,45,28,192,59,42018,1
95,51,48,2,87,175,28081,1
90,25,39,5,127,15,20489,0
86,34,20,35,135,166,7006,1
60,65,5,40,65,75,44246,0
91,40,35,43,186,33,13854,0
51,35,23,13,57,103,20117,1
54,38,14,28,149,139,44652,1
82,50,28,38,38,5,11155,0
32,27,9,14,14,157,18975,1
75,46,36,40,180,45,29582,1
14,39,14,20,54,27,27124,0
92,64,29,30,25,180,18730,1
48,46,12,49,99,160,13400,1
95,28,18,40,15,123,33349,1
15,62,6,14,4,163,11632,1
50,66,15,42,12,23,23167,0
34,61,23,40,26,47,40082,0
92,68,48,18,22,147,4049,1
32,35,34,6,65,155,29101,1
46,35,34,17,92,165,45681,1
76,54,32,1,104,141,17791,1
13,69,14,21,14,191,9508,1
58,27,9,17,83,9,41143,0
96,41,19,5,130,181,43192,1
66,69,9,36,53,170,16848,1
20,55,46,42,12,7,39181,0
45,31,34,20,177,110,6000,1
54,42,42,23,84,27,12132,0
83,64,48,23,25,190,8049,1
95,37,16,0,99,149,10327,1
60,33,3,18,71,66,36087,0
74,31,38,3,183,190,20813,1
54,47,35,20,45,180,11885,1
59,66,1,32,13,82,33285,0
13,49,20,43,139,115,689,1
19,34,2,32,24,183,47147,1
67,45,3,34,149,48,14835,0
33,51,48,9,192,78,7756,1
93,38,18,40,160,29,1378,0
86,32,42,12,15,127,12205,1
19,49,39,41,7,92,20747,1
11,58,22,35,25,87,23754,1
47,67,42,18,74,83,7387,1
47,40,24,43,77,142,10704,1
10,35,33,0,170,175,22690,1
16,52,19,34,129,19,11705,0
16,42,11,39,188,91,30557,1
37,39,33,44,70,185,41600,1
53,36,26,32,123,43,11942,0
65,37,38,48,165,178,44872,1
16,34,10,26,24,185,15853,1
62,27,2,45,22,23,1131,0
89,35,23,16,171,77,47106,0
47,41,9,36,99,129,29199,1
18,57,34,3,55,73,26794,0
90,59,8,47,4,160,9501,1
76,53,32,36,111,184,7104,1
47,46,12,31,54,175,45475,1
70,29,21,7,141,181,16777,1
43,63,14,21,80,193,43527,1
68,58,19,17,69,34,35308,0
44,63,29,2,47,50,8998,0
52,57,7,18,134,48,11554,0
10,54,42,17,174,30,49750,0
48,56,47,30,128,10,43143,0
17,45,26,34,185,157,47113,1
63,51,16,26,24,5,45156,0
57,50,21,32,61,0,26851,0
26,63,32,13,26,84,36445,1
25,49,15,47,27,177,9551,1
56,33,33,15,131,110,31060,1
46,38,30,13,96,88,36961,1
74,36,33,48,161,120,6280,1
77,42,30,39,72,71,36952,1
84,34,11,12,70,37,22244,0
20,37,35,42,54,5,27211,0
48,56,15,17,178,194,41122,1
39,55,13,12,136,122,27134,1
10,42,40,49,175,191,23787,1
56,68,37,30,136,25,34866,0
53,57,36,21,145,107,32205,1
97,48,16,0,191,38,16816,0
25,26,1,23,178,71,33936,0
42,45,47,1,72,75,20802,1
34,53,25,10,137,95,26184,1
25,39,10,1,163,169,43574,1
39,49,9,49,148,188,16461,1
64,30,30,9,17,8,44096,0
13,44,22,27,144,84,4248,1
15,55,3,49,187,66,27890,0
20,54,23,27,198,199,39709,1
10,40,0,43,116,54,9419,0
24,54,17,27,73,145,19648,1
63,41,22,42,26,179,43471,1
66,55,9,23,120,138,1689,1
51,31,47,17,75,24,25417,0
99,53,38,5,130,143,23575,1
32,28,23,12,197,39,14012,0
26,52,34,4,52,169,40994,1
27,69,1,14,45,196,29795,1
63,39,32,11,116,116,11003,1
13,48,17,28,74,132,13012,1
47,54,21,28,59,12,38010,0
92,30,20,13,176,33,39139,0
98,68,40,25,166,157,18036,1
35,41,36,49,111,87,10360,1
57,64,14,24,37,31,3909,0
77,39,39,9,169,137,18405,1
91,52,45,20,169,97,11594,1
48,35,2,28,192,45,5149,0
51,48,12,5,20,139,42570,1
29,48,37,40,130,78,4257,1
60,63,11,45,27,188,45092,1
37,43,27,38,160,9,49330,0
43,55,48,48,119,182,23385,1
68,56,49,27,180,77,44649,1
89,61,26,19,36,63,48569,0
51,41,49,46,109,153,872,1
58,25,6,18,125,94,10230,0
95,57,24,32,181,153,4424,1
81,41,10,27,81,157,35361,1
23,39,23,43,150,188,48721,1
97,40,13,23,136,119,5830,1
61,69,35,20,89,134,5736,1
43,25,43,5,30,133,28479,1
33,39,9,36,144,195,1645,1
37,64,35,24,168,0,16155,0
35,59,46,46,169,35,49685,1
29,65,18,17,87,190,40497,1
80,47,28,48,159,178,37480,1
21,44,19,20,168,166,49496,1
87,47,20,23,59,115,10239,1
83,68,10,42,108,195,35975,1
51,30,19,42,12,126,25053,1
58,50,49,29,81,106,35430,1
10,61,18,35,79,31,34652,0
74,34,1,30,40,109,15731,1
56,30,40,10,138,53,31025,0
35,30,8,10,70,161,42604,1
13,38,20,40,29,65,16891,1
95,55,21,2,86,25,30487,0
21,45,0,31,119,196,3032,1
88,34,8,9,99,164,39960,1
66,45,11,4,26,76,25560,0
64,47,2,47,131,153,24536,1
42,25,23,44,54,146,40882,1
28,53,33,41,83,189,33988,1
32,61,3,33,63,21,33751,0
37,61,48,40,96,176,11853,1
14,38,41,43,150,41,48028,1
99,43,8,38,99,87,5671,1
29,25,36,41,167,144,43045,1
80,55,9,22,142,13,27154,0
53,47,38,1,62,148,31202,1
40,32,48,37,43,91,14614,1
82,49,12,30,3,51,9981,0
45,29,15,20,30,0,9449,0
82,34,48,31,198,132,1892,1
51,41,0,46,191,150,36845,1
64,26,4,26,140,78,24891,0
92,69,34,46,189,141,35181,1
53,32,22,47,168,155,42864,1
92,48,30,37,89,95,43757,1
87,43,21,30,46,72,14423,1
22,58,36,25,135,99,41584,1
32,37,21,42,7,141,29922,1
28,43,45,31,47,103,43291,1
44,69,42,34,156,45,17739,1
12,66,34,18,78,43,29950,0
27,64,11,10,198,100,37957,1
35,51,21,10,115,15,5223,0
90,69,10,40,169,136,35215,1
67,41,18,9,96,143,22087,1
70,63,0,45,35,90,24562,1
97,32,44,2,172,77,45234,1
56,65,36,13,26,71,35451,0
27,31,42,42,166,90,802,1
68,32,1,23,111,70,45545,0
22,57,35,44,180,51,37812,1
54,40,3,33,90,48,40923,0
33,35,17,43,60,180,20904,1
16,31,18,1,170,150,31890,1
60,32,9,36,10,192,28312,1
29,57,41,22,2,172,27475,1
53,37,8,42,196,9,27616,0
20,57,12,7,42,13,24357,0
57,29,24,40,64,132,7447,1
84,41,8,28,82,8,1339,0
94,37,16,33,61,62,45049,0
11,52,11,28,33,129,19960,1
37,34,0,12,105,35,34971,0
21,38,42,3,84,76,37093,1
91,44,5,34,145,20,45409,0
33,35,25,1,127,125,36416,1
80,41,2,20,52,110,35851,1
41,68,29,48,103,83,32636,1
25,42,23,34,80,76,46011,1
60,59,26,42,40,176,574,1
56,33,49,7,159,127,11630,1
55,42,27,22,114,173,21461,1
81,36,36,23,17,176,35868,1
67,62,39,1,51,53,26177,0
86,28,34,47,2,181,40434,1
13,46,49,30,80,131,41300,1
82,35,27,26,70,193,25539,1
70,36,7,14,158,95,954,0
16,45,19,36,146,152,35521,1
41,54,28,4,169,167,24091,1
28,26,45,9,42,135,10498,1
77,40,36,5,11,138,45486,1
37,66,34,1,89,148,10007,1
82,48,9,35,59,187,18002,1
79,45,10,44,43,183,31005,1
45,69,11,34,96,25,10445,0
84,54,18,36,28,89,4773,1
61,65,49,19,191,181,3316,1
44,57,45,13,15,126,39896,1
16,31,19,1,98,115,8873,1
70,35,1,1,5,46,42983,0
33,51,41,32,125,126,27310,1
40,58,25,3,3,60,40874,0
28,58,8,31,153,152,7513,1
27,48,32,31,193,105,23850,1
14,65,9,22,196,189,4170,1
10,63,3,34,39,121,19410,1
89,65,13,28,164,140,9400,1
68,29,27,25,186,148,47231,1
35,50,22,19,112,74,3408,0
42,48,5,28,30,56,31165,0
16,44,36,6,153,166,41265,1
17,40,29,24,79,68,18254,1
95,57,6,4,29,59,11338,0
91,64,4,13,54,1,40898,0
62,65,5,20,102,18,15796,0
19,65,16,13,15,146,29158,1
36,68,49,24,151,176,1208,1
88,42,14,0,99,108,18410,1
37,51,18,6,151,185,26659,1
47,26,40,14,193,130,35700,1
82,34,1,37,15,149,3091,1
32,54,12,12,131,122,44708,1
40,26,27,42,183,169,25190,1
53,28,22,36,85,111,533,1
25,26,37,2,122,107,40063,1
74,36,5,36,116,26,24819,0
56,52,32,37,68,147,17212,1
20,57,35,29,124,85,35456,1
95,33,23,13,71,199,2913,1
65,46,48,33,64,184,6382,1
45,68,48,48,126,194,46648,1
20,46,31,11,89,87,34014,1
47,38,11,23,192,30,31054,0
34,36,36,8,146,22,28340,0
93,37,10,49,117,69,1735,1
69,63,30,25,70,154,47122,1
96,64,22,7,136,39,10848,0
58,37,39,1,152,25,6990,0
66,40,49,4,195,103,19652,1
50,39,19,29,170,75,25126,1
22,30,12,34,178,3,23767,0
56,61,43,9,78,102,46374,1
84,27,31,12,84,193,14524,1
80,59,22,15,71,167,47183,1
64,32,11,2,150,39,7660,0
60,54,27,36,78,60,31032,1
61,37,27,30,28,134,11399,1
71,44,1,48,174,92,21034,1
24,36,42,1,140,45,45356,0
92,43,4,34,180,156,41562,1
69,26,10,41,70,21,39261,0
21,47,45,19,122,135,1454,1
56,41,20,9,156,96,47712,1
78,52,28,14,169,54,28563,0
38,27,32,21,55,159,43747,1
77,68,19,22,176,11,30715,0
72,41,37,29,136,48,46210,0
64,52,7,43,155,91,24806,1
46,41,33,42,148,1,33344,0
70,62,13,3,76,61,32312,0
65,38,3,31,37,77,7640,0
26,52,1,30,191,146,12020,1
67,44,24,39,66,144,26124,1
93,30,22,38,101,142,38850,1
53,60,24,1,124,197,609,1
66,34,46,47,170,170,23508,1
54,35,2,18,182,122,21460,1
11,68,4,12,152,129,26994,1
11,67,3,24,108,184,23479,1
42,41,7,20,13,27,38345,0
73,27,32,29,61,149,34000,1
65,48,7,35,39,32,32307,0
70,29,26,2,36,24,34635,0
59,39,25,13,2,149,39969,1
90,46,21,23,113,43,4997,0
39,39,45,32,82,190,12753,1
22,29,7,15,0,55,29523,0
95,34,8,7,130,178,32096,1
82,54,9,6,100,0,40894,0
10,31,0,40,169,67,5080,0
91,66,42,31,115,18,26508,0
51,60,22,34,104,148,2443,1
17,42,16,9,172,146,49175,1
83,41,43,22,157,188,49786,1
70,66,6,34,100,116,47932,1
59,31,15,0,36,167,43835,1
61,61,36,26,46,68,20705,1
47,46,14,17,28,84,43687,0
48,62,24,10,85,65,48002,0
62,35,8,44,14,37,6662,0
36,39,35,11,34,82,225,1
24,25,14,29,142,123,18579,1
30,56,47,43,194,31,49774,1
25,67,44,20,194,57,21757,1
71,59,18,49,137,160,28464,1
49,58,0,8,42,45,8321,0
44,29,35,35,94,104,9275,1
50,57,9,8,99,77,1494,0
15,46,32,23,33,14,30481,0
48,60,32,44,59,191,49355,1
24,56,2,32,106,106,31890,1
77,38,0,37,147,14,22868,0
96,67,32,48,74,194,43588,1
83,52,40,42,178,79,11019,1
50,50,46,9,76,187,28375,1
91,43,17,40,53,33,21475,0
61,54,23,38,0,108,11694,1
60,66,20,34,55,90,49493,1
14,67,17,45,30,77,40376,1
28,45,3,18,122,166,23333,1
84,44,9,6,93,111,28268,1
44,43,2,49,61,58,3684,0
13,54,41,11,31,131,10412,1
91,67,14,6,9,30,15426,0
74,57,36,32,152,56,46767,1
23,63,48,25,80,148,21424,1
24,67,20,39,194,147,18214,1
22,60,27,2,23,68,29582,0
42,59,2,37,165,198,5379,1
44,58,38,21,37,89,5828,1
94,62,27,29,8,85,26733,1
23,57,9,26,78,169,48014,1
57,46,23,44,155,190,22016,1
10,41,3,46,155,108,24212,1
56,47,8,28,16,171,40170,1
85,52,1,48,146,41,44839,0
52,41,9,12,29,196,4170,1
85,57,18,44,125,151,2999,1
74,29,29,40,42,129,21099,1
55,66,49,42,78,23,27989,0
34,53,2,15,18,47,28924,0
47,62,5,20,171,76,31509,0
33,40,4,13,42,147,36263,1
49,51,16,43,188,131,48397,1
20,56,4,48,41,44,31102,0
79,29,37,45,168,29,47611,0
82,33,22,39,182,176,31862,1
64,45,13,43,173,145,30688,1
86,26,27,37,146,174,34533,1
40,41,22,35,47,162,34923,1
39,32,6,2,43,153,44818,1
45,60,12,20,117,100,878,1
12,53,35,43,1,193,3782,1
83,67,32,31,6,93,39943,1
63,50,2,8,195,1,24705,0
38,43,48,20,111,28,29329,0
93,30,46,43,152,18,16809,0
37,44,47,20,197,94,13203,1
22,51,27,46,3,5,48442,0
61,31,20,2,122,127,4891,1
52,69,24,16,170,140,24033,1
33,35,4,3,82,62,30229,0
52,57,5,44,185,155,31485,1
53,60,13,17,74,131,38427,1
22,42,18,32,63,55,12479,0
40,64,30,15,50,0,46835,0
68,46,27,39,79,89,23657,1
72,35,22,18,195,152,43167,1
62,39,18,45,197,116,3216,1
61,53,21,34,104,198,4679,1
58,53,32,43,26,148,45533,1
20,29,21,26,76,178,19430,1
11,51,37,44,50,46,6089,1
98,61,46,7,13,100,48223,1
20,57,4,11,142,16,13807,0
52,66,14,21,89,60,28506,0
54,59,4,11,152,82,34723,0
47,26,20,26,140,82,47542,1
42,35,44,49,155,26,47636,0
26,39,6,37,22,156,10613,1
57,41,37,2,50,23,29861,0
45,49,43,49,71,188,19156,1
15,47,9,20,82,162,38038,1
34,53,45,49,183,165,13721,1
23,31,36,8,97,174,28493,1
90,42,22,48,12,129,31932,1
70,41,11,40,81,85,12494,1
64,58,37,7,199,1,28135,0
91,53,36,36,82,41,46582,0
15,33,48,2,117,100,3873,1
91,35,19,27,72,186,14474,1
26,42,17,10,157,196,49671,1
40,26,17,1,191,145,37788,1
98,42,18,30,147,32,46733,0
49,32,47,15,198,126,42164,1
69,59,17,41,3,104,550,1
98,63,45,13,138,43,6390,0
39,33,3,24,69,70,47573,0
92,50,25,3,172,163,36675,1
68,51,36,48,57,30,23389,0
44,28,23,20,143,186,41043,1
96,65,10,15,175,179,36180,1
99,44,10,6,9,128,9022,1
67,48,10,15,90,127,7780,1
39,45,6,38,154,110,22968,1
13,47,28,14,19,131,27817,1
84,37,49,0,54,166,32265,1
95,45,26,31,91,78,8689,1
65,60,24,9,158,154,1460,1
47,50,20,22,159,180,33915,1
39,45,11,45,62,174,30092,1
63,57,3,18,75,68,37085,0
46,44,16,38,156,83,15455,1
52,65,6,35,32,79,10900,0
89,62,27,48,153,34,1566,0
79,57,17,1,57,6,48859,0
67,57,7,2,145,159,29852,1
37,26,30,8,118,195,12455,1
81,68,6,42,147,43,7938,0
97,54,41,23,180,95,5683,1
21,69,34,8,185,7,2534,0
18,27,20,26,4,99,23783,1
11,31,32,2,14,37,24743,0
10,38,13,25,23,112,36126,1
56,65,36,28,146,107,38742,1
50,31,32,46,47,4,36163,0
22,29,38,43,121,76,48910,1
76,29,38,30,126,103,11332,1
86,28,12,39,145,142,42040,1
25,54,11,29,26,181,18840,1
48,63,32,33,6,68,11550,1
76,45,28,35,19,14,34610,0
15,68,7,45,118,85,29515,1
33,43,17,1,94,171,712,1
28,36,18,3,178,122,6412,1
38,60,4,24,109,189,25686,1
16,32,22,34,130,138,1279,1
69,49,30,29,70,27,15631,0
37,30,44,9,87,190,6778,1
78,35,3,37,22,129,46289,1
42,34,37,14,139,66,15676,0
87,25,26,35,26,110,30718,1
97,29,18,21,15,22,41611,0
56,30,26,13,166,6,7180,0
97,52,48,11,137,39,30892,0
44,26,8,49,119,11,42678,0
85,47,16,11,94,37,32879,0
25,59,14,13,132,126,2364,1
17,55,5,40,24,195,24540,1
23,65,24,24,156,50,43506,0
48,35,8,16,149,178,2438,1
82,68,3,40,176,55,25719,0
54,58,44,17,40,137,38040,1
46,28,40,14,12,0,38710,0
43,38,42,46,101,84,21187,1
26,30,45,20,11,25,37520,0
59,48,40,46,8,172,9109,1
38,53,29,23,23,199,12002,1
87,69,1,46,95,154,11383,1
16,51,28,49,102,14,34586,0
84,40,34,4,89,126,18302,1
42,39,21,39,22,96,32455,1
90,52,28,8,25,131,41951,1
46,49,8,14,12,61,24591,0
75,57,46,39,47,138,6158,1
47,29,38,28,127,182,752,1
86,59,24,48,51,186,2703,1
56,61,2,1,113,141,10226,1
41,51,48,29,89,140,14556,1
97,66,18,49,5,134,47881,1
10,66,20,49,150,145,20033,1
31,36,7,30,6,93,47195,1
22,30,17,26,91,90,41992,1
80,57,40,43,36,106,26240,1
61,63,49,36,93,77,44254,1
76,40,0,42,61,48,43409,0
76,56,35,18,55,9,30213,0
30,64,18,14,150,168,21529,1
13,47,15,8,2,147,21306,1
63,35,33,29,53,127,22769,1
33,26,41,16,176,41,25305,0
10,68,35,25,78,161,25458,1
29,68,28,8,190,9,49325,0
92,45,19,33,0,15,3324,0
94,60,38,39,196,189,29172,1
96,58,12,22,179,20,39526,0
74,28,0,41,89,156,10365,1
98,52,14,44,94,75,13079,1
97,53,23,10,197,102,39125,1
59,54,26,29,24,68,21571,1
70,37,41,44,11,12,13596,0
68,69,16,22,59,39,29817,0
79,31,8,15,127,139,5497,1
55,45,30,34,68,179,634,1
42,66,23,12,78,46,7581,0
59,28,26,14,120,39,43496,0
15,60,23,42,48,83,44558,1
50,44,3,4,137,66,24000,0
53,66,47,43,117,195,37703,1
16,66,22,9,82,129,23694,1
80,25,16,6,119,55,42666,0
99,28,26,7,179,47,35158,0
22,32,44,26,146,32,1704,0
24,54,43,7,44,101,9731,1
66,28,5,18,61,15,26055,0
88,65,16,3,186,90,8531,0
74,29,4,19,0,77,3843,0
97,45,39,3,143,102,36882,1
90,66,1,14,20,26,8973,0
93,56,15,14,40,139,27590,1
38,28,7,31,181,162,44528,1
68,69,44,44,122,144,35053,1
44,28,22,42,34,198,32701,1
65,52,33,23,11,111,29771,1
34,56,8,37,37,60,34772,0
88,60,18,11,87,35,14765,0
86,30,10,26,54,197,26437,1
52,37,33,16,77,146,19884,1
76,66,14,8,195,191,49880,1
46,29,7,33,44,67,19883,0
99,39,24,42,118,169,13406,1
61,62,2,48,1,110,5992,1
56,35,16,46,157,66,21353,1
25,34,15,9,60,78,32006,0
63,26,16,18,168,43,47378,0
21,43,38,40,9,102,8389,1
83,32,4,2,31,82,1815,0
54,26,16,21,102,166,7841,1
89,62,31,36,20,15,19081,0
69,56,42,2,6,58,1936,0
90,69,2,20,86,20,27249,0
45,49,9,36,102,167,7017,1
34,32,29,38,106,80,28271,1
41,32,42,37,49,97,2012,1
69,43,14,18,29,59,18490,0
66,53,47,41,114,29,38115,0
81,31,42,39,181,173,12404,1
45,58,1,41,52,31,38723,0
77,49,47,5,129,183,10829,1
30,41,8,22,25,104,1496,1
51,50,26,0,120,87,31118,0
81,37,8,43,194,59,44149,0
24,27,45,7,118,173,43535,1
14,67,19,6,150,39,24345,0
43,54,20,43,132,191,1338,1
38,48,30,31,98,164,17436,1
85,43,6,24,63,139,34428,1
16,43,4,32,100,111,21952,1
85,50,19,15,59,58,47068,0
67,68,41,21,168,111,21621,1
26,67,1,41,61,94,28077,1
71,37,3,3,181,99,38053,0
87,56,42,20,59,128,12778,1
54,37,31,18,126,111,8095,1
56,27,29,41,133,34,49260,0
59,40,33,23,138,35,48225,0
40,55,33,2,13,1,32844,0
96,60,22,7,70,87,41643,0
53,35,10,22,160,163,48744,1
43,59,26,45,170,162,29625,1
21,57,18,10,100,104,45127,1
95,37,37,17,9,122,14925,1
65,62,5,3,24,48,20333,0
85,29,33,16,6,112,13370,1
40,55,19,26,37,152,43004,1
83,30,30,43,26,149,14899,1
34,40,18,30,123,121,15143,1
45,39,39,26,155,107,47180,1
43,47,34,1,180,40,40668,0
41,32,34,5,199,174,26479,1
70,63,38,4,38,87,7787,1
94,33,32,31,67,5,1381,0
65,40,21,49,74,131,14044,1
90,46,3,24,77,176,31145,1
76,30,13,49,192,131,7750,1
84,29,17,32,158,58,24424,0
79,68,33,23,68,183,1664,1
14,35,14,4,74,136,46619,1
67,45,19,35,11,9,18013,0
91,29,12,46,54,18,36857,0
29,53,41,34,30,21,42019,0
26,64,38,31,6,176,7410,1
28,46,45,45,121,154,41730,1
43,52,40,33,9,168,22533,1
59,63,12,22,54,95,48852,1
25,59,31,30,154,45,33825,0
65,42,22,28,10,85,20536,1
46,64,11,3,145,80,29349,0
78,65,40,21,141,16,20879,0
57,63,8,2,164,49,36140,0
43,37,22,25,80,97,31268,1
74,64,41,4,139,115,25298,1
95,28,19,22,109,67,12499,0
63,26,33,44,11,74,15878,1
17,63,30,23,163,22,45893,0
18,50,40,37,104,20,9239,0
58,34,16,25,4,188,17970,1
64,44,48,36,95,184,18363,1
89,61,19,18,72,144,11515,1
35,57,11,46,116,90,17536,1
55,60,34,31,43,4,35345,0
23,40,37,38,9,70,21612,1
65,51,16,42,109,116,14226,1
90,50,48,3,178,99,17839,1
29,32,31,31,170,64,20198,1
99,33,13,33,124,158,29393,1
27,46,26,0,173,105,43451,1
44,62,38,27,8,29,45982,0
50,41,23,27,32,18,8989,0
19,29,44,33,59,73,47833,1
94,28,27,15,163,72,46391,0
40,57,49,15,69,11,45276,0
80,38,16,10,48,127,29788,1
23,28,11,0,1,151,25442,1
24,47,49,46,72,198,21991,1
98,49,31,36,178,11,13180,0
60,49,46,49,140,146,49168,1
50,43,17,9,189,3,9448,0
90,58,27,33,169,60,993,0
56,34,26,41,197,62,43309,1
45,38,35,2,145,27,16122,0
92,63,22,8,140,47,27555,0
95,26,18,25,1,18,45139,0
33,32,35,13,36,20,44920,0
87,37,12,25,64,195,16516,1
51,34,40,0,198,72,2091,0
57,47,23,37,51,198,1304,1
64,68,40,41,72,0,2754,0
57,50,17,8,68,14,41506,0
60,55,28,30,58,38,39427,0
16,53,14,28,143,180,30984,1
57,51,26,33,48,78,32260,1
92,37,16,13,72,11,44664,0
42,57,24,0,13,63,21800,0
33,49,47,28,195,63,40844,1
61,44,29,11,29,78,16737,0
51,35,15,40,137,73,36559,1
51,57,34,25,73,47,37427,0
72,62,37,16,67,149,47633,1
67,51,3,5,162,84,6169,0
69,38,6,41,24,129,48218,1
66,65,1,9,54,7,27035,0
93,34,11,15,106,178,30875,1
27,60,0,4,191,106,18640,0
63,54,23,43,19,14,13042,0
22,26,17,16,21,128,16650,1
88,51,6,23,187,70,28939,0
74,29,6,10,103,101,25525,0
96,53,0,40,94,159,39065,1
49,61,17,41,128,115,4134,1
57,46,36,30,99,25,10365,0
93,48,8,49,46,46,115,0
25,39,9,17,78,164,2603,1
20,65,24,26,20,77,4805,1
25,51,38,40,28,116,19146,1
23,57,6,47,191,39,36377,0
46,31,28,0,105,30,10214,0
29,31,21,46,197,197,36056,1
16,38,37,41,196,188,25802,1
41,58,47,26,151,113,16716,1
76,64,21,36,32,145,7465,1
30,48,37,13,126,159,23927,1
66,52,12,49,26,141,49999,1
77,65,10,2,11,142,8092,1
62,53,13,34,171,98,43149,1
75,65,30,28,4,157,15188,1
49,58,23,16,132,10,18837,0
49,47,34,14,83,161,41755,1
68,67,39,36,79,78,44902,1
28,40,31,47,165,142,46200,1
56,50,17,48,91,164,28310,1
78,35,40,7,7,107,5500,1
84,57,35,10,192,105,17676,1
94,52,36,22,51,76,9788,1
99,32,33,28,118,46,14123,0
92,39,42,5,161,164,11241,1
37,62,22,39,13,171,18143,1
79,59,41,44,90,35,22107,0
10,62,41,48,182,50,49067,1
57,42,15,32,76,182,44602,1
57,27,38,41,50,185,4895,1
33,34,38,36,47,89,7679,1
97,42,36,31,57,111,43758,1
60,59,16,16,35,51,19274,0
37,33,48,40,80,54,31594,1
75,26,29,23,100,131,32578,1
35,39,8,20,32,77,12517,0
87,56,33,42,192,37,16924,0
20,43,0,1,64,80,25868,0
15,40,18,12,125,66,1417,0
13,60,48,11,50,16,45257,0
31,44,8,34,71,2,26892,0
89,60,11,17,22,49,45677,0
40,28,18,24,156,66,42455,0
60,25,24,30,123,49,44557,0
83,35,6,12,0,191,20133,1
89,54,10,27,67,110,15347,1
25,47,12,32,162,148,36723,1
90,48,15,39,162,38,19270,0
28,35,3,17,134,14,26930,0
22,56,6,22,187,151,14028,1
50,25,11,38,147,136,21480,1
47,32,31,21,67,119,48365,1
80,69,17,22,183,89,17196,1
58,29,13,29,112,137,44070,1
88,58,38,36,6,45,15581,0
83,50,42,36,121,135,26510,1
58,42,40,13,15,142,42005,1
68,27,44,16,125,32,9180,0
43,49,3,17,121,80,14390,0
75,31,25,7,104,146,1267,1
63,50,48,45,60,78,43540,1
78,44,16,36,80,158,25871,1
60,40,44,19,89,145,19197,1
47,42,19,14,156,70,34211,0
28,59,0,12,167,90,18212,0
47,52,5,45,135,75,6317,1
77,55,28,34,50,58,11010,0
36,29,2,14,195,189,12417,1
84,54,3,40,108,35,17270,0
40,45,17,9,164,10,26840,0
30,42,40,42,32,184,47737,1
53,41,11,23,7,74,45267,0
38,65,45,29,119,141,22432,1
17,33,29,33,180,121,21432,1
20,37,10,15,154,143,44771,1
86,47,41,4,198,106,18254,1
79,44,18,42,124,131,1076,1
10,41,45,22,146,17,45123,0
34,68,41,25,151,172,45124,1
55,55,7,40,14,90,26090,1
25,64,28,3,134,31,19207,0
79,65,9,27,110,64,37669,0
23,66,22,40,8,117,15447,1
98,63,48,27,196,93,6926,1
92,60,14,28,155,66,3268,0
83,61,25,5,155,41,42179,0
24,45,17,21,60,150,26267,1
93,32,48,29,150,65,13956,1
34,33,17,20,136,178,31377,1
93,63,3,40,105,62,29697,0
88,66,1,43,51,131,13341,1
82,53,43,15,19,143,17941,1
26,27,21,4,4,55,38553,0
31,51,37,45,58,178,46336,1
48,41,3,19,132,161,35065,1
15,69,32,48,0,78,14627,1
89,34,33,32,191,51,30821,0
85,27,7,5,31,58,36405,0
54,60,37,40,94,188,20738,1
31,29,12,35,5,150,34935,1
84,50,21,23,174,169,12442,1
93,62,3,37,157,37,28410,0
26,37,32,5,89,106,34140,1
84,37,6,41,99,68,41855,0
72,46,26,6,117,114,5683,1
80,28,46,4,164,199,42055,1
76,33,45,25,193,39,7268,0
31,50,9,10,192,6,9051,0
89,31,10,4,56,192,5100,1
15,34,28,17,55,49,21525,0
18,51,12,38,174,25,21757,0
47,45,6,2,108,89,40084,0
51,26,1,29,140,17,7097,0
47,69,27,23,133,29,46763,0
17,60,2,25,137,185,41421,1
27,61,2,40,172,0,40815,0
54,43,34,2,87,66,29895,0
37,63,31,49,95,171,7253,1
98,65,27,40,27,166,45579,1
77,29,28,41,166,164,2150,1
66,35,24,47,19,181,22748,1
86,28,25,8,157,178,47230,1
89,27,19,29,101,162,5559,1
28,41,20,4,108,18,14226,0
29,52,20,47,158,58,3886,1
89,29,13,26,184,68,41481,0
94,30,21,34,93,75,35834,1
27,33,45,0,48,152,25994,1
18,47,31,36,10,34,13185,0
76,38,25,17,148,117,12198,1
73,26,1,26,28,188,46433,1
55,61,13,12,73,29,43596,0
41,69,49,36,153,128,15723,1
36,48,4,14,177,16,25127,0
90,28,29,40,143,189,32561,1
71,28,12,43,77,103,37224,1
30,35,46,43,16,13,46266,0
37,27,1,44,191,30,24593,0
46,51,39,4,34,173,2034,1
25,58,45,41,153,109,4009,1
84,29,47,6,65,73,22789,1
44,25,1,34,136,86,31082,1
83,56,43,45,88,173,42170,1
45,36,32,16,131,197,8591,1
48,51,7,19,81,148,4403,1
33,44,21,4,34,122,18940,1
73,37,13,19,92,192,49750,1
38,62,1,29,59,17,7601,0
59,62,5,28,193,112,2499,1
77,48,43,41,3,39,34712,1
26,35,11,13,57,47,33317,0
75,58,1,4,49,82,4399,0
68,25,5,26,53,162,16508,1
15,27,13,31,75,123,29479,1
90,41,46,36,110,186,25314,1
64,47,18,40,12,105,934,1
55,26,27,32,108,77,34020,1
21,29,1,41,73,58,16913,0
45,31,36,27,110,59,17277,1
22,44,10,25,141,46,34691,0
60,56,35,8,44,81,20131,1
66,61,27,37,14,57,45065,1
81,38,4,43,97,45,41342,0
60,36,46,4,21,4,33533,0
34,64,40,15,58,117,15194,1
23,58,35,26,136,77,4566,1
17,63,7,4,89,3,41039,0
63,67,7,13,164,63,11102,0
61,66,49,18,77,83,17800,1
38,38,46,26,13,51,48856,1
58,42,47,8,66,86,47460,1
85,42,35,22,24,83,27072,1
39,64,27,10,195,183,43819,1
55,43,17,2,144,36,24112,0
63,50,17,47,171,20,2193,0
50,56,10,9,145,62,30434,0
37,36,8,14,159,82,21066,0
91,28,17,42,88,113,48841,1
52,61,1,16,108,38,17929,0
67,38,33,32,129,190,17426,1
34,59,9,39,20,113,6344,1
54,68,39,15,55,16,15976,0
56,62,5,14,81,146,26407,1
82,69,12,29,96,198,16183,1
71,39,21,30,174,94,21848,1
22,48,21,43,48,107,36862,1
45,62,30,30,29,63,28710,1
53,26,30,34,89,29,2288,0
65,63,28,37,37,170,1576,1
98,45,37,39,192,134,45881,1
40,33,19,29,189,29,7017,0
99,39,45,27,127,63,4135,1
12,51,41,33,6,21,4359,0
64,34,48,38,93,63,5781,1
70,38,7,12,11,85,10715,0
84,39,0,4,53,1,29914,0
69,52,18,22,196,109,49288,1
70,55,23,4,146,189,7778,1
53,57,4,40,45,41,19869,0
59,57,46,4,61,89,10357,1
72,30,32,35,182,139,18059,1
55,66,40,19,52,38,39582,0
16,43,16,40,10,34,34317,0
96,68,49,38,191,102,7014,1
94,46,34,47,185,58,12630,1
45,26,21,1,198,55,15039,0
14,41,28,29,26,21,46358,0
76,46,49,24,182,125,12095,1
83,25,29,45,117,180,26583,1
48,51,40,33,8,125,35632,1
77,27,30,30,18,57,32046,0
88,37,45,41,182,28,27311,0
29,44,42,14,125,199,41303,1
95,59,1,12,159,60,33028,0
89,51,15,44,47,91,17691,1
38,64,42,35,66,199,26447,1
72,53,24,36,178,66,14528,1
62,42,41,3,169,97,16623,1
98,33,3,42,12,81,38543,1
80,60,41,40,43,191,33893,1
27,53,37,31,60,148,42712,1
14,28,31,33,61,36,27233,0
79,49,36,24,37,60,20664,0
81,49,29,30,189,44,43513,0
36,64,12,44,2,122,35234,1
23,30,5,26,4,138,35926,1
42,44,36,24,157,97,35288,1
94,38,32,49,165,185,49327,1
29,34,34,1,179,60,22021,0
45,52,17,44,2,36,19154,0
37,59,39,21,92,173,2525,1
31,59,22,1,158,89,10613,0
49,50,12,45,69,38,36189,0
79,41,24,42,127,102,41267,1
74,62,33,40,22,19,45985,0
60,41,5,36,135,154,9136,1
95,61,5,12,116,74,8975,0
77,60,19,25,179,94,27911,1
22,43,40,0,133,40,25712,0
63,46,38,42,176,165,18558,1
64,66,7,46,172,15,33158,0
69,32,45,46,194,181,20172,1
11,28,37,21,84,83,38926,1
88,34,17,15,74,161,5640,1
62,29,23,38,48,137,6707,1
15,54,27,0,102,47,25676,0
40,37,24,12,115,97,7222,1
86,65,43,7,144,105,996,1
36,31,44,29,144,89,41163,1
51,28,17,15,46,129,33008,1
46,30,33,5,38,144,42271,1
54,47,36,47,51,110,47082,1
71,34,5,22,189,156,48798,1
98,39,26,23,106,172,32026,1
77,60,10,28,45,1,48425,0
80,62,9,4,63,139,24607,1
88,44,30,0,119,139,49535,1
97,62,2,29,135,87,25539,0
73,69,0,29,129,189,33363,1
58,56,27,22,47,175,47743,1
32,61,25,3,3,184,24430,1
90,46,0,40,145,179,9514,1
36,40,19,12,3,91,32769,1
94,57,11,23,170,146,1396,1
18,42,29,28,92,23,9169,0
41,60,46,10,196,107,27963,1
48,56,47,47,81,20,17966,0
51,47,30,46,116,165,43202,1
26,58,1,38,52,135,16807,1
34,38,47,14,98,170,2096,1
35,60,41,40,44,163,42516,1
79,68,44,0,170,102,48678,1
30,53,10,37,31,197,4551,1
41,61,47,39,199,35,31886,1
49,52,19,30,169,118,5657,1
27,61,17,37,21,52,9637,0
14,63,27,29,31,137,32973,1
95,58,17,49,102,196,2801,1
78,62,24,8,173,148,30853,1
70,49,19,22,155,73,28769,0
99,25,14,49,69,34,34301,0
45,64,17,17,193,10,46873,0
33,52,6,33,21,110,3275,1
32,53,22,29,135,43,35422,0
14,50,11,16,1,184,31961,1
47,54,8,23,95,62,29444,0
94,42,20,18,125,22,24622,0
45,58,36,26,36,189,41435,1
64,48,48,14,39,126,19755,1
36,65,2,42,60,181,43583,1
23,29,23,36,174,36,47405,0
71,54,19,25,107,127,33401,1
91,59,26,26,152,159,18728,1
10,43,24,13,89,54,22284,0
60,40,26,34,7,99,15068,1
59,31,6,4,44,87,14037,0
42,65,33,12,106,28,32958,0
76,54,36,40,84,65,17695,1
36,46,2,10,153,126,658,1
73,49,24,40,76,181,19041,1
74,30,14,37,117,179,44938,1
86,59,15,16,85,176,4603,1
92,34,8,2,163,111,4836,1
61,28,25,28,93,69,27552,1
58,43,6,19,72,195,7206,1
23,61,9,41,62,89,30223,1
41,48,37,1,144,8,39510,0
33,48,9,1,52,32,10272,0
62,65,26,42,119,93,3470,1
71,28,40,16,34,61,3817,0
84,29,23,46,182,170,3926,1
81,65,10,9,105,176,19412,1
63,33,11,17,157,124,4758,1
45,65,36,8,166,164,35861,1
48,58,21,9,14,43,37941,0
86,50,30,30,63,113,46704,1
28,35,45,41,102,117,37354,1
17,61,37,4,163,41,22192,0
34,34,12,41,126,29,32002,0
32,62,43,29,179,183,49991,1
53,60,31,21,89,106,39268,1
12,56,28,26,106,64,47934,0
76,65,22,22,162,129,23901,1
25,67,17,49,50,41,42963,0
20,30,40,10,155,43,32553,0
59,47,43,18,86,4,1910,0
69,66,36,28,198,38,32744,0
41,48,20,10,94,156,11549,1
92,69,3,40,103,148,21466,1
65,61,47,11,186,81,12047,1
49,53,19,48,122,157,4470,1
59,37,25,13,45,151,5907,1
12,52,10,18,18,101,17340,1
36,35,16,16,83,120,4545,1
98,28,2,23,87,113,47504,1
74,66,8,22,107,68,37961,0
79,33,17,26,182,88,10473,1
51,50,46,3,29,116,40112,1
53,42,17,28,43,143,43598,1
18,60,36,40,51,119,4672,1
54,58,18,36,163,78,29590,1
49,64,17,27,83,100,8162,1
45,34,36,13,61,166,43535,1
46,62,28,25,175,82,35016,1
32,27,6,14,121,1,43577,0
48,51,49,13,111,133,7610,1
38,26,14,34,57,188,16265,1
58,50,32,47,72,34,40798,0
63,36,13,40,43,145,45542,1
70,44,16,35,127,146,46867,1
44,52,15,31,26,152,6423,1
13,68,3,11,70,92,10661,0
32,43,44,13,191,143,9823,1
54,47,31,1,10,94,25731,1
28,27,45,15,135,37,19298,0
71,55,40,22,166,85,6733,1
98,69,48,28,25,153,47931,1
34,26,43,8,129,198,16322,1
44,49,46,6,69,64,23018,0
76,57,11,17,190,105,37975,1
29,45,3,43,113,160,41339,1
61,42,40,44,89,110,23930,1
55,67,41,22,36,114,17912,1
70,26,21,5,63,173,35735,1
83,31,43,49,149,157,32491,1
72,62,30,36,4,51,16327,0
84,53,16,45,160,139,25266,1
27,39,34,38,193,107,34167,1
68,67,40,31,52,29,32891,0
78,39,28,36,160,21,48729,0
19,39,9,49,198,192,3341,1
11,30,35,23,179,132,40170,1
80,29,39,34,113,137,40554,1
55,56,15,6,79,25,11833,0
84,43,2,27,85,158,9662,1
10,42,27,0,170,20,14784,0
64,57,7,30,113,3,22401,0
54,25,35,0,61,132,22340,1
82,38,3,28,102,141,13512,1
50,68,41,26,20,18,47963,0
44,68,10,40,162,159,559,1
44,33,31,41,38,5,20708,0
68,45,21,32,85,157,46292,1
14,43,23,5,137,7,46736,0
12,35,1,16,51,133,7570,1
89,61,2,33,116,84,12413,0
59,27,8,48,171,31,18618,0
21,66,32,12,150,31,49479,0
56,59,45,1,106,27,17539,0
13,49,34,37,84,144,14414,1
18,46,45,27,71,113,18506,1
92,44,37,34,76,18,17887,0
26,27,3,18,89,186,49194,1
89,38,26,41,158,178,47147,1
50,36,24,8,56,126,6229,1
78,42,3,14,107,177,4399,1
46,56,39,27,166,115,4436,1
99,42,31,34,184,88,32182,1
81,45,3,3,90,152,2425,1
17,32,14,21,28,176,44192,1
87,25,22,0,171,150,32818,1
32,34,37,40,199,85,27426,1
19,54,44,31,5,57,2782,1
14,29,4,28,124,97,21332,1
44,36,3,41,111,50,18364,0
69,61,13,40,98,130,47920,1
89,54,26,21,19,141,10092,1
67,68,31,7,137,54,37530,0
26,59,6,40,7,136,14795,1
96,33,12,25,77,55,13485,0
10,60,1,3,193,150,2844,1
95,36,18,48,55,179,44907,1
45,46,12,49,59,57,26933,0
53,49,6,13,14,133,13323,1
12,30,41,29,181,64,31577,1
23,57,45,34,166,36,48491,0
94,68,48,18,36,173,38018,1
24,42,1,17,19,190,21584,1
78,55,0,20,117,184,37275,1
25,42,35,33,95,185,18145,1
31,60,49,7,138,19,35601,0
34,47,29,17,193,34,8977,0
83,54,37,27,148,60,5961,1
64,38,47,22,77,167,26045,1
28,58,44,9,131,134,31115,1
36,31,36,30,25,170,3436,1
60,47,25,24,76,49,29932,0
49,54,37,14,144,50,8348,0
96,59,33,27,57,134,2603,1
79,60,29,32,173,187,35037,1
41,53,36,4,87,114,5497,1
15,41,19,14,70,33,33054,0
68,62,28,46,120,164,25835,1
92,39,15,21,33,173,30702,1
17,60,45,9,84,184,5471,1
76,59,30,47,143,62,42151,1
76,54,21,42,180,16,210,0
13,64,24,19,4,84,33571,1
35,39,42,22,155,94,26419,1
89,60,31,7,145,9,15977,0
50,47,23,20,42,12,44443,0
53,29,3,14,168,30,25225,0
23,27,43,4,11,99,1153,1
26,38,8,19,97,17,22897,0
52,47,28,48,92,80,49186,1
15,50,43,37,121,171,45388,1
23,29,13,33,27,152,20693,1
17,55,41,44,195,184,2173,1
75,59,19,4,22,82,45691,0
16,42,43,26,142,180,31169,1
74,50,17,12,150,129,20910,1
80,32,25,41,83,124,41976,1
75,56,0,34,184,27,37942,0
60,54,19,47,62,147,29868,1
62,29,49,24,63,80,36754,1
58,57,12,46,71,195,32985,1
50,36,16,2,84,56,20300,0
24,65,28,3,96,12,29694,0
52,65,31,38,9,42,32977,0
16,55,19,27,96,189,6808,1
60,69,30,41,130,36,17511,0
39,25,49,5,43,54,41596,0
48,51,32,26,163,103,34898,1
68,25,32,3,168,18,20887,0
56,31,15,1,23,189,20817,1
71,27,43,10,121,117,6412,1
93,35,28,39,148,8,43298,0
53,65,21,43,172,167,31908,1
91,68,32,17,69,1,39894,0
99,30,0,41,8,58,11719,0
28,41,14,17,166,134,2406,1
34,66,30,3,74,15,13640,0
52,51,41,33,190,195,33675,1
98,69,14,25,175,43,1426,0
37,55,12,34,110,36,26606,0
73,36,48,4,129,76,43198,1
28,63,46,17,175,107,5675,1
24,55,39,18,154,19,46434,0
55,54,12,39,160,53,24850,0
26,62,48,12,23,55,13389,0
71,30,21,32,64,49,37121,0
75,50,46,27,18,138,1735,1
94,57,5,37,5,42,29710,0
93,29,4,24,13,37,7148,0
39,44,36,24,169,139,296,1
65,33,38,47,3,84,35610,1
86,32,2,36,45,94,5161,1
40,26,5,27,140,149,5194,1
19,53,44,47,145,41,15437,1
66,67,25,11,39,177,14064,1
39,27,46,18,143,154,22876,1
12,49,28,38,44,170,41750,1
21,65,34,45,153,52,10267,1
93,46,13,37,121,191,49430,1
89,39,7,33,25,90,48282,1
66,33,38,18,123,101,34849,1
97,54,30,21,109,42,12721,0
62,60,5,35,153,194,25972,1
37,37,35,42,84,152,30523,1
61,37,19,20,12,189,1114,1
18,38,19,29,96,35,24178,0
64,38,37,21,136,5,4314,0
10,68,21,10,40,81,33173,0
36,61,38,42,87,38,34498,0
10,41,15,6,133,66,49484,0
48,53,6,19,93,48,14173,0
86,64,35,1,34,78,27658,0
81,40,49,42,133,82,22513,1
36,61,14,33,1,137,19060,1
57,37,44,11,34,127,23911,1
69,54,48,1,79,27,5042,0
50,65,25,21,83,69,7546,0
15,61,5,35,17,89,18217,1
51,64,16,5,118,100,38062,1
64,25,32,19,121,1,26587,0
61,26,47,16,8,94,7823,1
18,63,33,22,131,64,16238,0
20,31,7,39,7,136,39495,1
29,64,6,48,187,188,3208,1
84,55,37,3,167,166,31684,1
59,38,33,7,118,144,11033,1
47,67,25,42,172,76,11899,1
86,47,16,34,138,193,24620,1
88,47,46,24,140,17,45776,0
26,38,5,46,99,62,27775,0
22,56,11,42,148,81,47200,1
67,68,23,24,73,87,39138,1
69,26,19,7,168,125,1428,1
64,26,33,11,131,4,13838,0
83,64,44,29,80,161,41681,1
51,41,30,47,197,58,20973,1
51,61,41,41,27,162,26594,1
19,41,2,42,80,162,23011,1
13,59,23,36,41,97,46671,1
35,34,0,41,72,148,8015,1
75,53,28,4,151,24,41617,0
29,40,32,47,197,72,1892,1
45,40,21,28,10,107,24363,1
38,69,11,44,192,51,9291,0
92,67,36,13,39,30,36958,0
10,41,0,28,197,187,33892,1
86,30,21,26,144,183,23700,1
77,60,35,2,152,113,4687,1
95,68,36,29,173,18,1140,0
55,37,7,43,16,96,18460,1
70,40,22,12,13,62,16117,0
26,38,3,40,157,166,25148,1
27,30,4,27,110,115,25484,1
90,56,31,25,12,38,14835,0
20,45,16,28,133,138,22244,1
68,67,4,44,20,163,14743,1
42,50,41,25,132,95,28988,1
84,38,38,15,13,19,31012,0
96,66,45,17,175,67,20699,1
69,38,24,10,185,126,15497,1
66,44,29,17,70,104,45524,1
18,32,3,45,71,135,5153,1
57,49,37,26,113,154,44623,1
73,63,40,20,136,156,6856,1
64,39,43,18,129,76,45663,1
18,30,3,35,3,161,43538,1
44,37,29,40,153,117,30014,1
88,37,48,29,141,104,14011,1
33,52,25,22,54,153,40432,1
73,36,27,0,183,146,38982,1
59,29,9,42,132,131,27353,1
48,35,45,25,57,131,23901,1
34,26,17,28,178,19,32242,0
28,42,2,15,73,71,24681,0
30,38,29,41,32,25,8997,0
33,45,39,42,45,115,34236,1
93,47,18,46,186,104,27762,1
72,26,15,37,26,126,21967,1
77,65,27,5,20,72,31916,0
16,40,11,2,198,57,21847,0
14,52,18,18,189,165,23787,1
98,29,6,43,166,182,47510,1
87,27,43,9,180,24,6642,0
94,36,31,0,173,144,47801,1
56,49,16,8,60,60,39763,0
75,42,46,5,106,142,12297,1
25,30,23,11,124,18,39328,0
56,27,42,16,49,66,11973,1
72,68,48,32,134,44,10282,1
15,45,18,20,173,81,38719,0
26,55,20,25,179,38,6928,0
16,40,28,45,33,155,5957,1
30,43,45,47,154,74,24366,1
49,67,48,26,33,8,34712,0
31,50,17,28,120,51,18060,0
58,47,3,42,5,0,2482,0
76,25,17,28,22,121,42216,1
67,47,47,31,115,135,13350,1
82,25,31,43,28,189,22960,1
19,25,4,47,116,87,24355,1
11,55,11,48,52,17,21526,0
31,49,40,49,5,159,5142,1
80,47,48,38,127,126,39943,1
21,49,43,32,82,3,30364,0
20,57,8,37,30,184,11940,1
67,46,25,30,29,51,34863,0
85,44,16,5,43,81,39250,0
19,54,30,9,144,195,18479,1
18,59,49,27,15,162,22244,1
63,54,24,35,67,91,43277,1
67,36,44,26,77,69,30777,1
53,52,20,6,67,121,13894,1
41,49,27,49,72,31,47166,0
64,56,49,21,32,118,25402,1
59,64,2,40,125,146,37719,1
64,45,46,25,186,122,40632,1
34,67,28,31,171,197,42903,1
76,41,30,22,7,58,34203,0
83,63,2,46,71,38,28653,0
34,34,23,36,70,58,33758,0
80,46,28,28,77,23,42897,0
57,34,31,2,93,190,13355,1
77,33,27,1,14,107,29896,1
68,27,45,33,14,42,36167,0
52,25,0,21,143,189,15125,1
30,25,1,8,197,43,27336,0
60,54,40,32,123,137,2617,1
41,31,35,24,178,51,46532,0
64,39,25,12,126,16,13106,0
47,67,37,27,170,53,12408,0
49,67,35,32,40,65,18043,1
44,27,4,26,179,93,4499,1
26,47,49,32,67,107,44861,1
15,51,6,29,55,59,38575,0
69,26,48,21,120,140,42043,1
22,36,5,44,30,39,9498,0
40,40,14,19,47,190,21833,1
17,44,48,24,40,180,27841,1
69,59,7,23,149,181,40852,1
27,37,1,8,29,141,20397,1
49,39,40,9,88,6,19682,0
37,58,25,2,26,7,38586,0
91,56,19,40,199,42,12138,0
84,45,27,33,187,50,9180,0
34,36,41,38,56,189,14663,1
36,45,36,42,35,43,40407,1
22,54,14,30,154,135,37001,1
92,52,45,39,118,79,30862,1
94,47,2,34,57,75,40030,0
25,64,36,45,143,88,6955,1
29,31,48,25,75,39,37272,0
60,69,32,42,89,91,46540,1
93,55,18,45,108,102,49662,1
58,39,48,8,140,189,29726,1
31,31,27,21,6,139,11078,1
80,60,0,21,165,147,47739,1
22,42,14,42,45,156,6274,1
47,56,30,0,150,147,10861,1
64,64,26,45,86,115,20065,1
99,65,49,25,39,81,20205,1
36,42,6,15,197,154,22921,1
65,26,36,5,26,166,27067,1
90,52,43,22,21,129,34749,1
68,43,2,8,65,123,3491,1
73,43,30,2,130,142,7819,1
52,45,34,15,124,30,11683,0
13,38,3,18,163,156,10012,1
46,48,21,35,191,158,36757,1
48,62,29,38,114,197,48316,1
33,34,8,4,110,19,25139,0
39,35,21,47,78,105,49094,1
95,46,5,27,15,134,30586,1
49,65,44,23,88,20,17463,0
85,60,18,40,93,78,22308,1
60,68,43,17,147,148,3625,1
47,36,47,44,157,183,26730,1
10,63,31,45,13,126,16682,1
42,27,2,16,197,56,19395,0
11,64,33,12,130,27,32791,0
44,27,45,16,138,6,20226,0
42,68,36,27,26,152,47929,1
31,28,30,9,86,23,37746,0
74,63,7,42,29,78,22131,1
73,26,9,11,83,65,44709,0
87,52,37,33,178,107,790,1
62,62,25,46,118,170,23207,1
64,47,48,38,171,199,30719,1
73,64,36,2,26,77,5337,0
80,42,35,17,76,79,40668,1
71,53,10,47,6,94,11972,1
68,63,47,6,24,109,22306,1
70,34,10,43,160,83,20927,1
50,58,25,33,158,61,423,0
67,36,48,49,4,143,48322,1
63,46,46,40,45,82,36468,1
13,26,23,39,81,108,17169,1
38,41,6,9,45,136,591,1
51,30,12,2,22,51,4119,0
94,39,14,48,188,56,46577,0
63,55,25,41,156,52,1719,0
97,54,31,32,86,174,46278,1
97,33,37,44,143,157,39362,1
77,69,47,6,123,31,22262,0
27,69,18,2,111,21,25436,0
50,45,25,29,194,167,25323,1
47,67,16,13,194,76,38903,0
69,56,47,37,95,57,26755,1
44,53,46,49,106,82,13422,1
46,64,35,29,175,12,20672,0
21,67,6,18,69,57,7556,0
28,48,19,0,137,110,1586,1
23,64,9,15,173,184,46750,1
38,34,19,32,99,100,1968,1
73,62,41,20,39,179,15353,1
13,40,48,6,111,193,41511,1
88,45,14,20,54,66,27195,0
72,47,6,0,142,43,5337,0
82,34,0,26,179,78,27976,0
44,35,16,19,56,71,33801,0
81,25,11,49,64,164,35687,1
41,29,43,27,143,7,27150,0
48,61,17,12,59,7,45006,0
39,41,10,43,171,139,17916,1
66,42,23,16,24,166,14047,1
92,33,30,22,176,176,19036,1
70,28,12,23,162,34,47426,0
90,68,49,37,197,125,28264,1
27,45,15,21,149,70,35364,0
84,49,1,27,13,135,7156,1
50,29,27,33,190,9,26966,0
58,53,15,1,82,32,6697,0
46,65,48,12,104,27,27887,0
33,64,12,0,64,198,9318,1
57,67,13,37,110,61,48010,0
74,42,28,9,178,39,33927,0
86,46,35,39,36,80,23276,1
32,64,42,23,62,146,38138,1
34,30,18,29,129,154,32529,1
34,57,32,17,68,87,14511,1
54,27,32,46,72,85,6664,1
23,51,10,16,165,14,9991,0
75,43,8,35,7,32,41665,0
10,50,3,7,75,110,4280,0
43,33,30,34,140,123,5188,1
37,41,35,27,62,96,1907,1
90,67,32,22,60,189,34932,1
33,59,47,32,165,41,35435,0
29,28,29,39,19,3,24719,0
11,64,24,4,145,105,46669,1
42,47,18,2,157,71,14141,0
34,43,42,15,109,73,32000,1
44,45,15,41,93,183,45959,1
10,32,21,3,192,69,8077,0
45,62,29,24,175,144,10745,1
93,31,14,28,170,97,48663,1
38,47,38,38,117,134,39480,1
32,37,24,5,91,181,43055,1
66,59,25,46,61,150,2037,1
89,41,12,34,69,130,2112,1
82,26,42,43,69,48,41022,1
75,33,30,41,173,150,38979,1
40,53,32,49,126,12,11479,0
35,59,30,1,85,174,26391,1
35,69,36,43,39,61,6846,1
25,47,42,6,173,22,5105,0
76,66,39,37,196,43,48217,0
32,25,16,30,111,160,24569,1
31,38,20,45,82,2,25014,0
35,52,1,11,59,56,38380,0
28,25,13,3,122,169,11523,1
54,48,1,10,41,117,26241,1
33,67,12,46,164,141,43182,1
99,31,12,39,98,85,36888,1
88,53,26,22,22,180,19891,1
95,64,33,42,20,7,49251,0
80,56,6,25,168,118,38642,1
32,38,6,41,37,185,9394,1
33,41,47,27,43,24,5439,0
77,39,19,42,180,136,40766,1
22,45,11,21,128,58,48812,0
92,43,14,7,143,131,15119,1
82,43,11,25,47,70,35771,0
93,33,47,20,166,54,49818,1
61,69,33,42,38,186,518,1
95,69,10,17,188,79,8529,0
65,66,10,44,44,83,6168,1
42,60,36,13,6,111,36561,1
16,59,36,17,26,112,24265,1
70,30,7,39,116,111,28972,1
11,31,1,16,82,28,19742,0
66,32,32,40,151,132,8944,1
44,62,32,30,72,104,46871,1
83,31,41,37,65,67,31807,1
77,28,37,10,27,104,27695,1
83,54,39,11,0,135,2362,1
24,55,14,6,16,120,11346,1
10,48,32,20,0,26,9947,0
89,60,39,6,22,40,22754,0
94,40,12,8,41,158,22496,1
32,53,12,8,115,88,36581,0
91,59,9,34,10,35,36031,0
44,39,7,9,22,159,24716,1
30,52,31,26,192,4,3229,0
25,33,12,15,145,3,37600,0
64,53,19,7,124,55,7859,0
26,39,23,18,74,64,3534,0
97,54,48,32,103,83,48907,1
50,46,37,12,57,177,183,1
24,59,45,36,60,191,7251,1
20,46,26,5,83,94,5422,1
12,37,47,25,144,138,20729,1
86,67,20,35,125,23,15926,0
99,63,2,17,177,51,43455,0
36,26,6,14,91,159,24765,1
33,60,34,16,91,191,41442,1
54,29,14,14,31,37,32861,0
62,27,40,11,51,43,4100,0
95,41,45,23,145,93,13979,1
59,54,28,4,146,176,32017,1
79,61,4,17,184,91,45749,0
49,32,42,8,48,55,39611,0
85,25,14,38,189,127,47685,1
53,67,25,15,5,89,37005,1
12,53,3,14,98,133,26388,1
18,28,21,27,61,138,16473,1
87,59,20,23,33,112,21796,1
34,45,35,8,28,16,19389,0
48,26,10,0,101,81,44817,0
93,36,4,47,174,57,44747,0
14,28,2,6,101,176,41248,1
87,30,10,15,124,158,6956,1
25,30,26,6,134,192,35731,1
80,61,4,32,164,92,43403,1
53,64,6,40,51,4,9941,0
69,63,29,37,57,12,23939,0
16,56,14,39,126,147,37920,1
81,55,41,24,102,43,31175,0
10,65,0,3,136,157,49557,1
54,38,43,19,53,45,15352,0
62,65,21,3,90,160,16015,1
79,44,29,42,62,21,28997,0
21,51,18,18,61,48,25238,0
98,30,4,12,138,8,36513,0
49,27,12,20,160,21,12632,0
16,37,4,33,22,45,36659,0
60,64,49,32,134,193,21613,1
50,65,44,28,38,5,18898,0
13,69,6,12,186,193,30565,1
26,26,26,37,121,23,21409,0
83,33,33,27,183,15,42101,0
78,36,22,6,173,41,44379,0
34,60,20,28,167,173,11997,1
64,42,41,30,8,172,44497,1
79,56,25,19,5,186,27460,1
93,35,3,12,76,77,30389,0
12,69,20,42,128,93,4271,1
90,28,25,20,95,89,1026,1
70,59,16,29,43,69,32348,0
19,37,36,48,149,52,13801,1
92,64,18,1,71,88,10913,0
10,29,5,38,120,113,15785,1
53,31,32,9,12,41,12502,0
98,42,20,0,105,7,25827,0
68,30,25,5,159,147,23471,1
74,62,5,44,154,28,41987,0
22,50,43,10,75,14,6682,0
78,59,5,11,142,11,29007,0
23,40,25,18,35,59,31612,0
95,54,35,21,66,112,10249,1
94,34,0,29,141,12,25600,0
32,31,34,49,45,196,22805,1
86,27,15,18,195,141,42514,1
52,54,4,30,27,78,8168,0
16,54,24,49,145,147,9584,1
48,52,45,11,102,13,19156,0
83,63,19,48,159,3,20837,0
84,59,30,47,45,174,4358,1
84,53,0,7,98,25,12936,0
82,62,5,12,107,133,49794,1
47,68,32,24,86,51,31086,0
59,61,26,36,120,119,8513,1
71,49,18,32,118,96,13279,1
68,67,7,34,10,77,9645,0
21,37,0,36,67,23,17351,0
42,54,47,28,139,190,26377,1
73,54,41,33,77,75,5906,1
33,34,32,5,185,140,15284,1
16,69,20,14,44,40,31660,0
17,52,14,39,193,122,42950,1
86,25,33,39,87,154,41132,1
82,41,25,33,114,128,3382,1
29,32,11,27,196,190,2474,1
95,58,4,20,158,7,26440,0
14,43,38,15,183,162,43243,1
42,46,7,13,4,161,33934,1
84,46,2,15,132,175,44178,1
50,54,26,0,38,3,18598,0
31,49,23,42,80,132,27702,1
77,60,18,8,75,153,10413,1
35,61,30,32,196,59,28371,1
94,42,30,8,80,32,45890,0
41,26,7,7,92,78,3320,0
11,60,20,17,59,122,46428,1
30,53,25,45,161,141,17606,1
95,55,36,11,45,162,34379,1
97,56,16,42,130,49,11619,0
13,36,34,9,143,143,37946,1
38,40,31,23,24,5,6071,0
72,57,2,1,127,144,3411,1
23,67,48,21,159,27,9161,0
99,66,31,42,172,172,35960,1
22,50,45,16,183,139,436,1
78,29,28,14,174,173,2324,1
25,60,26,41,152,34,18265,0
84,63,41,23,143,153,28882,1
38,36,12,45,75,40,49258,0
20,40,35,37,126,78,27708,1
16,50,36,46,157,78,21949,1
42,65,14,48,101,14,40779,0
40,44,44,8,18,62,22928,0
94,56,48,7,58,46,43273,0
55,55,21,16,104,184,47819,1
78,38,14,47,52,136,42189,1
79,57,15,21,42,152,41113,1
90,38,26,1,144,154,1405,1
78,34,41,7,7,185,43535,1
87,39,45,25,96,57,45454,1
61,50,48,32,37,157,24521,1
89,41,1,40,23,175,11787,1
60,56,35,24,130,137,15793,1
47,53,10,6,84,40,49084,0
83,61,48,3,165,18,1719,0
56,29,41,34,1,138,1381,1
84,49,18,35,139,74,48247,1
34,39,25,25,10,145,48425,1
36,44,4,5,39,70,8854,0
81,69,42,18,36,79,11432,1
94,27,21,37,70,155,11841,1
19,54,2,21,73,5,33038,0
43,50,40,31,54,81,17699,1
42,63,40,10,21,191,28691,1
85,28,7,49,91,45,38901,0
50,25,13,4,41,65,34512,0
41,55,10,18,21,59,18239,0
55,59,24,35,11,60,38963,0
79,40,18,15,165,151,13889,1
22,54,1,12,123,197,36125,1
26,69,23,46,168,11,25766,0
62,35,20,23,134,121,28738,1
88,44,35,47,114,186,21612,1
19,55,6,16,136,54,31025,0
83,51,18,36,99,139,38412,1
67,25,4,43,180,181,31953,1
48,49,46,21,51,27,5161,0
89,29,37,13,64,119,13383,1
52,25,3,20,122,171,15369,1
53,40,19,23,128,105,42799,1
71,51,10,38,152,100,14884,1
54,30,6,32,145,69,38888,0
58,51,21,49,97,118,9164,1
19,53,39,3,164,145,48051,1
13,28,4,44,41,153,45134,1
17,52,28,20,129,107,49095,1
91,62,36,39,163,154,24080,1
48,67,4,13,48,156,31668,1
33,36,8,11,25,54,5487,0
97,66,4,45,56,193,23982,1
13,43,27,17,71,12,39451,0
80,69,35,17,77,160,22838,1
92,32,34,34,130,82,32739,1
94,49,45,18,181,177,22026,1
16,67,33,14,139,123,39050,1
45,38,27,3,195,21,29495,0
58,44,14,45,145,26,39221,0
62,32,34,35,33,121,27814,1
64,51,2,12,179,14,45896,0
44,62,23,40,166,97,12618,1
73,36,16,6,190,80,12307,0
10,66,8,1,143,162,37277,1
95,33,36,4,193,141,39756,1
54,47,46,40,162,62,12346,1
28,39,13,32,66,63,27963,0
76,56,5,12,72,67,23888,0
50,49,10,33,75,86,26298,1
31,43,42,18,14,30,38666,0
87,60,45,28,65,170,4471,1
68,60,35,36,194,107,25332,1
82,41,16,0,8,135,25757,1
62,43,18,12,35,15,35388,0
55,43,11,31,92,32,30212,0
88,52,31,8,86,135,20681,1
37,41,49,29,110,192,41902,1
89,51,48,31,160,36,10754,0
10,45,1,31,52,142,36378,1
97,34,21,35,186,169,9037,1
57,53,36,15,33,117,27670,1
86,38,41,31,50,171,28860,1
70,38,24,37,91,10,37534,0
93,54,2,41,129,18,30327,0
59,26,13,34,172,40,12842,0
66,29,25,42,27,29,1909,0
74,58,5,4,93,71,24497,0
29,46,6,25,176,159,8104,1
42,48,23,48,109,79,46307,1
91,57,8,9,54,72,46164,0
89,62,2,24,182,188,34187,1
19,49,25,33,133,159,48181,1
47,53,10,20,126,130,27174,1
94,34,1,46,146,188,36078,1
31,47,8,34,66,43,45026,0
27,46,37,11,31,157,39052,1
65,48,20,33,160,23,24229,0
62,54,20,33,40,139,25598,1
43,36,43,34,80,73,34684,1
31,64,8,39,175,108,44677,1
88,30,49,3,121,112,25134,1
84,54,26,3,168,188,44395,1
19,51,21,49,179,186,47548,1
33,39,46,1,164,87,43244,1
56,28,13,12,85,26,40222,0
38,61,28,15,67,95,8397,1
60,47,24,8,79,30,30895,0
60,55,49,6,39,109,30602,1
61,32,29,19,109,75,14318,1
30,32,48,48,153,25,36000,1
25,29,13,10,158,181,12941,1
57,59,22,6,178,171,15666,1
86,61,16,14,52,87,23163,0
56,60,7,11,144,103,42536,1
56,25,31,47,143,90,24394,1
66,55,29,5,93,62,42133,0
28,46,24,44,153,118,20009,1
63,55,43,44,34,12,15907,0
12,29,8,35,112,61,1822,0
85,38,44,22,57,161,34794,1
32,33,16,29,195,180,20593,1
29,58,49,22,48,53,34293,1
57,32,6,12,60,79,27684,0
34,39,3,11,59,156,26616,1
27,62,12,15,84,175,2578,1
97,66,14,40,45,3,26328,0
48,41,44,46,132,191,41425,1
41,62,49,29,174,116,13678,1
56,52,1,33,192,169,1950,1
26,59,3,15,65,35,18938,0
62,48,33,37,88,103,20181,1
21,58,47,46,186,47,7161,1
58,35,36,27,2,34,19408,0
81,42,34,0,9,36,17039,0
67,59,27,7,191,35,22441,0
52,54,44,1,72,181,16338,1
31,33,34,25,92,15,5011,0
58,66,2,13,144,106,33415,1
70,38,15,0,68,145,33898,1
88,64,40,14,139,191,13752,1
81,44,43,23,20,86,13802,1
32,26,40,27,34,68,45585,1
78,39,27,40,66,50,13963,0
48,67,39,29,55,71,25320,1
20,37,15,27,199,186,36711,1
45,60,27,22,75,5,23818,0
14,33,35,16,98,25,3529,0
79,66,46,23,160,160,3551,1
22,68,9,29,197,89,42097,1
30,53,1,42,89,36,21607,0
62,28,28,33,96,35,25094,0
78,35,17,18,102,169,18669,1
90,41,47,38,176,166,43553,1
28,38,11,19,40,99,1135,1
10,63,32,43,96,80,9408,1
58,62,45,30,122,21,44462,0
77,62,12,39,179,145,10086,1
25,67,42,12,68,95,37123,1
18,50,37,11,77,90,21418,1
62,46,48,44,38,81,9064,1
18,40,24,48,136,17,35185,0
16,62,48,18,54,2,29413,0
15,45,40,21,126,159,4456,1
27,60,32,2,14,26,11233,0
44,62,40,5,166,119,6081,1
70,61,15,6,102,82,31192,0
89,33,0,49,132,24,2137,0
54,47,21,8,8,95,17074,1
75,38,21,36,152,153,41688,1
66,46,41,33,51,104,7513,1
31,56,20,25,199,132,48560,1
19,64,47,11,83,174,49791,1
88,26,47,36,37,107,7112,1
86,36,37,0,99,51,30122,0
37,39,1,47,162,192,4290,1
29,36,48,15,52,196,34857,1
73,30,31,15,32,98,43134,1
40,47,49,1,59,117,25204,1
86,66,32,24,24,118,28723,1
62,26,14,45,141,168,927,1
98,51,29,22,28,132,44384,1
36,25,34,44,186,80,26548,1
80,31,33,27,193,48,14382,0
39,34,3,0,149,91,37379,0
52,60,43,16,51,93,519,1
10,68,45,3,107,166,21471,1
39,51,12,9,43,50,27302,0
95,31,42,26,192,148,37739,1
91,48,9,8,119,33,15119,0
33,56,25,48,150,7,45396,0
65,45,13,33,103,74,9331,0
77,65,11,31,71,127,5661,1
64,25,44,46,0,39,6392,1
88,47,33,30,191,118,5895,1
96,65,23,14,44,135,6988,1
70,32,16,42,159,174,19716,1
73,46,25,13,136,53,15807,0
80,69,3,13,176,197,6712,1
85,49,11,44,41,26,29671,0
42,41,27,15,57,162,27694,1
51,48,36,15,193,71,39049,1
85,47,33,27,187,173,18538,1
10,43,49,3,52,198,15070,1
69,41,9,29,39,96,38138,1
91,35,47,44,109,115,10734,1
25,26,22,16,71,33,24147,0
56,60,0,49,26,170,32103,1
67,43,23,44,33,172,17185,1
28,63,37,40,199,197,24852,1
88,39,24,48,14,117,49102,1
98,31,7,7,81,95,13970,0
41,52,46,12,155,109,18813,1
33,36,5,46,111,77,10443,1
94,30,29,10,1,41,37243,0
93,68,38,8,29,117,30579,1
75,32,24,11,46,180,4383,1
97,55,31,8,38,116,43447,1
22,54,42,4,109,135,1872,1
22,44,29,37,128,182,23415,1
57,49,35,34,165,25,44482,0
35,57,48,48,106,195,21391,1
98,35,5,47,179,177,2366,1
39,29,15,1,54,164,9199,1
86,62,23,35,101,139,43772,1
75,35,7,44,159,12,19716,0
75,50,33,36,137,24,46665,0
57,40,42,39,193,66,42810,1
71,33,46,22,117,197,460,1
64,44,10,12,28,61,49780,0
48,64,21,30,31,51,49125,0
83,60,34,43,153,39,35484,0
61,59,39,23,113,156,48839,1
94,45,19,31,27,105,21701,1
26,51,46,2,106,98,36568,1
75,60,44,14,173,67,4153,1
47,33,44,19,123,155,725,1
71,63,42,5,42,190,47070,1
74,52,44,34,193,74,30084,1
59,56,28,1,94,14,46242,0
55,50,48,20,199,61,19860,1
84,59,33,10,140,34,26254,0
57,47,39,13,143,47,9415,0
11,64,4,28,177,18,14012,0
69,29,2,1,170,52,31259,0
33,29,49,44,191,51,22079,1
38,69,14,30,130,185,36333,1
11,31,26,12,150,167,12224,1
98,45,39,46,26,176,32706,1
34,64,14,15,113,33,47834,0
57,28,22,42,106,56,22095,0
20,49,3,42,73,10,14323,0
87,49,16,37,31,162,42052,1
56,67,8,37,108,82,8779,1
62,50,0,45,63,26,3579,0
69,52,15,10,50,5,10032,0
99,66,14,17,146,73,4493,0
81,55,27,11,95,173,35534,1
33,25,9,21,163,133,45009,1
82,41,8,28,125,124,42223,1
69,26,20,7,162,146,31335,1
84,39,41,17,37,99,30628,1
84,46,23,3,43,190,19172,1
22,51,7,42,27,141,48080,1
29,67,11,21,113,103,43113,1
27,56,30,36,192,165,24499,1
57,68,29,28,119,9,45280,0
36,41,13,2,11,74,34055,0
39,41,43,21,81,186,32753,1
28,62,36,14,76,123,11327,1
65,52,17,33,196,134,43186,1
75,48,46,5,38,76,10627,1
30,45,0,12,129,88,49788,0
92,36,0,35,180,189,45959,1
75,26,23,27,41,71,20599,1
78,68,45,19,32,58,40841,1
42,38,45,17,118,182,34800,1
92,26,47,30,18,89,33510,1
96,25,8,36,64,18,40205,0
51,66,5,26,197,176,11422,1
65,53,12,44,136,156,7737,1
35,31,5,11,148,131,33733,1
91,26,1,47,139,160,13802,1
37,29,16,22,126,173,45685,1
30,47,12,14,60,31,9568,0
84,61,18,26,72,87,670,1
52,44,37,24,71,103,17881,1
16,32,43,15,35,181,346,1
41,39,20,44,175,19,38236,0
30,64,13,9,151,64,37096,0
92,52,49,6,170,146,9500,1
25,51,36,42,104,156,6956,1
67,30,47,0,79,101,20943,1
86,60,11,0,62,142,19802,1
51,69,9,48,16,4,30605,0
68,42,26,9,65,158,36376,1
34,49,23,26,199,198,8533,1
98,44,36,42,141,83,8788,1
38,30,11,17,103,136,6054,1
55,65,30,10,71,89,39898,1
17,57,34,15,116,87,40866,1
69,46,13,15,148,36,25296,0
30,31,32,21,91,60,13387,0
93,51,32,30,147,64,668,1
36,27,31,37,49,143,138,1
68,60,37,24,178,65,31552,1
64,54,13,17,142,138,43565,1
92,47,21,3,26,58,16528,0
70,59,12,35,57,30,33650,0
93,35,12,37,166,79,12178,1
44,45,38,29,14,195,25210,1
10,51,4,33,40,175,3896,1
92,62,2,27,147,79,1258,0
61,56,40,49,176,168,11685,1
99,45,9,30,195,94,13345,1
62,42,30,18,195,37,42781,0
98,51,30,10,19,63,1163,0
57,59,26,10,99,63,26565,0
26,52,28,9,80,37,13564,0
46,56,4,39,1,151,30212,1
63,30,27,27,93,130,20043,1
73,57,21,41,135,131,38454,1
11,39,32,31,151,93,9572,1
35,37,45,40,161,91,27464,1
61,27,38,8,125,21,32185,0
76,40,43,45,70,195,8994,1
35,55,31,2,58,166,25511,1
49,35,47,40,38,96,22490,1
85,32,24,31,117,17,47650,0
25,28,31,1,84,4,47742,0
58,36,48,36,67,189,44367,1
86,65,31,28,8,125,13349,1
47,66,28,24,96,67,45640,0
25,62,35,30,179,40,27847,0
39,60,46,6,193,19,43083,0
82,38,46,48,196,126,40668,1
42,28,34,43,4,136,5490,1
83,35,13,25,7,52,8822,0
51,29,34,4,1,152,27320,1
48,25,38,15,104,88,20357,1
98,43,34,9,55,38,26501,0
77,65,3,33,113,156,455,1
53,37,3,11,131,41,10983,0
74,28,1,6,172,36,17519,0
22,48,46,21,150,112,13615,1
76,51,28,2,168,30,8616,0
38,48,21,21,131,49,41955,0
48,43,32,38,4,155,45435,1
46,43,47,34,160,122,33954,1
69,33,47,4,126,190,20077,1
83,32,24,38,173,144,43199,1
28,42,15,49,11,198,19212,1
44,66,45,18,125,81,2214,1
47,35,48,33,78,64,49554,1
54,55,13,17,124,108,24379,1
50,42,43,36,122,90,5805,1
75,66,36,20,152,119,19855,1
29,28,48,38,88,43,3885,1
80,44,23,25,163,169,35827,1
73,49,27,38,40,108,35669,1
48,36,42,16,102,102,21167,1
76,67,28,43,199,101,1165,1
65,58,5,10,29,60,44724,0
26,30,32,38,96,64,48982,1
24,49,33,35,99,104,29420,1
80,29,10,22,158,142,857,1
67,60,46,14,169,37,40259,0
78,40,23,3,166,93,7931,0
86,54,38,12,36,170,39731,1
15,40,5,11,25,136,18616,1
85,67,22,45,54,100,17118,1
68,49,0,16,72,11,36498,0
91,44,47,28,84,105,49239,1
35,55,18,35,10,96,49403,1
15,46,49,23,198,109,11202,1
47,68,7,8,157,170,33041,1
37,64,17,33,172,50,4070,0
18,46,35,27,189,49,4296,0
28,61,28,28,178,148,13638,1
80,64,40,12,64,105,48303,1
81,62,39,15,73,161,9290,1
58,52,22,16,43,153,29563,1
27,28,17,33,112,153,24418,1
76,65,5,33,25,156,1574,1
63,54,21,23,76,95,17594,1
41,54,19,30,20,107,31412,1
18,57,33,17,170,80,17161,1
52,52,30,1,102,26,49715,0
70,31,14,24,102,1,889,0
97,60,40,12,176,187,39277,1
52,30,5,15,3,126,20804,1
29,61,28,10,198,88,5457,1
66,61,35,2,1,27,38089,0
53,54,49,4,162,170,44334,1
63,53,46,41,102,163,11678,1
26,60,8,36,154,167,24165,1
38,40,44,40,194,92,15563,1
33,33,11,31,30,109,43373,1
27,34,9,24,44,192,36903,1
85,43,35,32,105,142,25234,1
75,39,37,8,80,51,13728,0
14,59,45,35,90,89,40060,1
14,27,19,12,197,64,48180,0
57,59,28,19,47,36,37998,0
50,35,25,19,24,110,28209,1
89,43,48,5,2,159,7494,1
95,68,39,30,164,114,21738,1
37,64,24,47,86,67,20371,1
18,29,12,39,102,153,34927,1
12,55,36,28,167,161,42012,1
64,48,8,2,22,14,29087,0
20,64,27,4,150,155,19375,1
36,27,36,42,63,64,21214,1
29,33,43,34,133,79,45727,1
73,55,14,13,78,11,35754,0
29,26,22,7,182,45,5198,0
11,42,37,45,35,66,32995,1
37,27,1,31,91,75,20714,0
40,39,8,4,93,34,2470,0
84,42,22,44,153,78,11247,1
30,58,38,41,60,107,31780,1
70,33,2,18,8,199,27191,1
58,61,11,2,58,23,44563,0
27,53,47,47,129,23,4268,0
26,29,24,14,141,42,9988,0
93,69,40,3,125,180,5984,1
95,33,39,45,43,167,33727,1
59,30,3,3,59,126,46856,1
89,60,23,36,82,108,14879,1
71,62,35,49,71,58,17399,1
58,31,18,0,125,166,33578,1
21,36,47,12,173,130,33625,1
65,58,35,32,171,146,14633,1
93,68,4,3,181,66,3633,0
15,29,3,41,137,193,34392,1
71,28,15,45,95,185,6902,1
31,63,26,17,163,125,33760,1
66,59,21,5,131,166,18231,1
93,64,28,8,36,37,48657,0
30,53,23,11,183,67,43391,0
74,33,6,5,131,133,34246,1
30,26,0,10,84,59,38137,0
58,55,7,29,190,1,17963,0
94,47,22,43,141,62,27455,1
33,61,41,25,54,46,5658,0
44,57,17,34,168,99,26101,1
63,50,27,40,14,142,26534,1
37,52,9,14,0,120,48193,1
88,53,32,26,1,53,29123,0
83,34,33,7,96,27,21931,0
25,46,30,43,108,148,45614,1
74,36,18,24,0,58,4676,0
11,30,32,24,50,83,23252,1
74,30,15,22,87,101,48687,1
44,61,42,11,195,88,33591,1
73,60,38,9,106,112,21428,1
52,67,33,33,166,46,46247,0
85,34,23,31,37,183,43105,1
30,42,47,35,44,154,23947,1
41,56,30,8,1,77,49386,0
35,57,41,17,66,17,35548,0
87,40,39,43,131,117,47801,1
32,54,37,6,119,119,35488,1
75,58,42,29,61,9,26008,0
88,47,49,16,113,197,6038,1
13,37,9,31,192,175,45261,1
17,56,7,5,160,77,18416,0
56,69,43,27,147,121,33043,1
18,66,18,22,63,38,46604,0
84,25,21,29,0,143,36581,1
67,35,15,8,179,146,37266,1
22,30,44,0,147,37,22510,0
73,30,43,34,190,29,26714,0
91,42,44,18,100,186,37643,1
52,32,28,40,195,188,39903,1
20,36,20,40,9,108,3185,1
74,46,9,20,103,51,47337,0
45,27,28,21,145,4,19821,0
89,34,35,27,42,51,12464,0
75,37,33,12,148,152,26729,1
50,51,5,3,1,149,32606,1
75,39,21,20,9,182,26592,1
36,38,17,22,99,116,39116,1
51,49,20,8,195,162,9064,1
41,55,4,29,189,29,39641,0
88,51,25,31,85,87,38749,1
40,45,11,43,100,147,13446,1
35,49,38,46,86,170,32887,1
45,59,48,1,125,97,8020,1
17,52,1,19,80,118,39855,1
90,48,4,22,26,116,15334,1
40,55,3,1,50,40,8789,0
67,34,44,43,178,1,9744,0
23,47,41,41,155,109,44980,1
94,46,12,22,2,185,2731,1
77,30,20,4,172,140,21404,1
94,63,38,17,44,149,1325,1
52,34,36,25,109,167,41039,1
79,36,45,3,52,169,6107,1
93,63,10,5,188,151,16701,1
88,27,12,34,155,87,37565,1
50,62,0,4,108,164,3067,1
73,26,49,7,176,93,40601,1
91,36,28,38,103,84,45100,1
27,60,28,38,184,74,13827,1
26,54,47,34,150,163,39363,1
37,44,38,20,33,174,32542,1
44,38,38,11,159,83,42315,1
25,46,47,39,199,187,33037,1
23,43,32,18,50,26,16164,0
87,44,33,10,199,90,9310,1
83,59,41,34,72,142,36808,1
11,66,16,40,3,108,7863,1
61,65,34,49,116,3,48011,0
70,45,44,4,3,17,4080,0
80,69,27,22,37,10,22111,0
53,27,14,32,26,2,3703,0
69,40,36,13,42,130,9533,1
75,47,24,11,177,59,31847,0
59,69,48,32,162,44,43671,1
75,35,36,30,26,192,40061,1
41,50,0,23,60,27,4871,0
71,61,18,27,80,156,18257,1
27,68,25,49,155,171,33756,1
88,49,18,14,193,55,18752,0
52,57,21,26,20,142,43816,1
30,66,48,21,85,32,40521,0
67,35,44,24,110,48,38825,0
99,65,24,11,55,190,40067,1
24,41,9,17,128,162,24662,1
35,52,16,3,24,39,1511,0
82,33,18,37,135,46,37500,0
29,42,49,47,124,68,36307,1
73,51,23,30,35,109,17865,1
54,30,42,12,39,139,1855,1
79,25,48,15,165,82,45352,1
23,63,21,40,8,81,5326,1
37,64,44,31,28,8,17434,0
79,39,11,23,189,101,21640,1
37,26,3,38,6,158,20924,1
63,52,37,7,137,199,39875,1
92,58,25,23,198,167,24994,1
73,52,45,26,70,114,41951,1
11,31,6,11,88,26,24129,0
74,39,7,13,1,55,22753,0
69,60,18,29,193,141,8978,1
80,62,35,18,197,101,9409,1
68,39,14,43,84,172,33413,1
16,40,34,38,84,131,32969,1
96,56,18,11,148,130,35352,1
34,62,2,45,77,170,8202,1
47,33,1,13,103,176,47120,1
99,69,0,36,103,25,37957,0
42,32,45,4,37,78,33973,1
94,57,20,3,161,23,21009,0
53,25,43,41,33,110,24027,1
38,28,0,33,63,34,12513,0
91,64,24,21,22,77,27003,1
22,44,20,32,164,178,33120,1
31,60,15,38,138,179,24059,1
84,31,42,31,140,175,24568,1
52,50,20,27,8,34,46671,0
50,52,13,3,165,66,25304,0
68,57,8,45,12,14,39499,0
76,39,22,30,21,146,48405,1
47,48,37,38,85,4,30497,0
11,59,5,20,165,98,22535,1
31,52,9,3,182,60,36870,0
87,62,21,1,96,37,31196,0
78,51,38,18,37,77,8702,1
81,25,34,0,196,14,9164,0
38,45,16,20,55,64,12377,0
28,52,25,45,101,131,27272,1
43,36,47,40,23,157,32704,1
59,28,14,37,22,42,36931,0
20,28,41,10,79,14,22080,0
20,62,48,27,178,132,36782,1
30,39,2,9,131,13,13389,0
68,36,2,18,193,25,42946,0
60,53,13,31,166,145,41324,1
94,52,28,3,89,52,26813,0
14,68,23,24,66,39,42900,0
32,60,32,22,131,170,37815,1
60,52,1,16,66,184,1961,1
52,68,46,2,173,127,6186,1
91,32,37,30,191,50,16146,0
50,44,11,24,77,183,47406,1
19,62,27,2,0,133,14914,1
81,50,15,23,17,151,20824,1
48,61,12,38,169,55,31692,0
96,31,29,16,139,153,21393,1
57,33,29,30,180,103,41617,1
23,49,21,40,16,147,19869,1
45,50,23,48,59,146,1520,1
37,26,23,32,64,139,24716,1
18,44,3,47,94,199,33427,1
20,61,30,32,65,62,29795,1
77,42,32,13,119,84,16201,1
76,58,8,11,101,43,19714,0
10,59,22,4,178,2,14078,0
42,66,34,25,54,59,49485,0
63,36,22,15,145,100,42667,1
21,67,13,4,5,114,32091,1
71,54,46,30,71,98,44781,1
60,48,49,43,96,75,19279,1
54,58,25,43,178,50,25443,0
99,43,11,25,145,177,40053,1
29,30,38,37,139,63,2133,1
65,38,6,0,172,8,11205,0
39,53,22,41,198,125,2340,1
17,29,6,30,111,73,27474,0
25,27,41,21,126,171,30485,1
81,68,38,42,55,110,16888,1
56,63,22,32,121,8,12371,0
24,31,38,2,30,40,16255,0
37,68,38,1,65,75,32172,0
43,62,0,3,88,13,7030,0
16,56,14,10,18,174,46396,1
89,64,29,23,170,87,34290,1
44,60,44,7,37,102,44093,1
16,50,22,45,152,117,18038,1
55,63,21,4,102,28,28325,0
56,67,43,34,81,59,10600,1
61,50,10,32,125,8,340,0
38,53,5,32,24,132,29444,1
18,27,40,0,20,90,6822,1
12,38,3,10,127,199,39802,1
30,58,46,36,22,36,46854,0
47,69,28,33,157,126,42171,1
20,48,7,30,103,190,34468,1
32,57,21,42,91,68,48264,1
38,51,21,25,69,176,2461,1
22,47,11,17,142,52,35156,0
52,37,5,0,12,0,5661,0
46,25,14,28,29,197,30497,1
19,58,17,30,27,12,32202,0
84,28,40,9,181,70,36948,0
37,61,15,3,68,76,4774,0
79,66,14,25,182,66,193,0
11,30,44,16,6,155,6556,1
58,26,17,19,187,43,13671,0
95,64,34,39,54,54,18361,1
46,49,16,34,47,152,9019,1
20,29,43,22,87,37,35957,0
23,63,17,21,139,5,44150,0
78,40,9,26,82,160,7776,1
19,59,3,48,33,175,24587,1
64,42,15,31,30,171,9000,1
95,47,30,28,184,111,45464,1
37,47,31,49,116,70,13306,1
47,34,23,20,161,4,14708,0
89,42,26,30,158,28,14900,0
84,62,26,11,25,148,25433,1
42,31,41,22,177,31,41680,0
30,65,34,11,58,138,154,1
50,61,31,2,73,170,4400,1
40,27,32,31,130,151,4978,1
92,60,22,15,5,39,39155,0
64,60,24,1,13,108,39453,1
56,49,14,4,136,180,6714,1
68,54,39,47,148,171,37463,1
16,57,3,19,143,100,46728,1
52,52,36,44,156,101,46201,1
55,62,45,12,187,11,29960,0
85,43,33,13,0,71,49297,0
93,65,37,19,166,139,20150,1
96,48,21,10,149,171,26289,1
67,55,1,20,48,160,1911,1
75,41,0,33,155,180,6796,1
37,55,40,20,78,132,37942,1
40,43,19,49,59,186,42986,1
35,68,35,29,62,55,39214,0
17,53,32,7,152,134,12512,1
99,34,35,33,87,97,20610,1
95,63,17,9,149,178,28833,1
17,30,36,49,22,185,29751,1
87,34,18,14,145,121,41350,1
78,39,15,29,101,95,49572,1
57,27,30,15,171,62,10556,0
32,42,14,1,116,2,13267,0
10,50,29,42,86,59,37451,1
57,62,12,30,92,152,31648,1
82,48,7,13,147,112,28833,1
43,25,21,32,122,7,32795,0
40,31,25,32,110,164,49577,1
28,53,41,11,14,68,3064,0
35,54,36,14,162,7,8837,0
66,49,16,30,194,62,3713,0
60,37,1,43,138,88,43223,1
28,40,20,14,34,75,39058,0
81,31,11,49,56,146,5919,1
84,39,8,43,47,146,6105,1
57,43,16,47,145,2,29252,0
99,44,41,34,38,13,28699,0
42,31,13,5,188,37,39713,0
68,55,40,21,82,187,47949,1
28,38,8,37,122,27,8042,0
60,50,49,5,58,153,656,1
39,36,9,21,17,74,5623,0
96,25,2,18,183,90,18955,0
54,35,43,1,64,62,17413,0
28,64,36,28,52,23,43190,0
66,37,15,13,156,121,36092,1
12,45,34,42,131,72,27312,1
73,35,15,12,0,44,42781,0
57,27,19,44,195,153,39662,1
81,55,45,36,193,70,10885,1
52,50,5,33,45,43,23189,0
61,52,29,34,130,18,4006,0
45,26,40,45,169,29,5593,0
79,48,0,39,69,172,47772,1
54,50,8,15,184,81,1032,0
95,38,0,21,158,6,36904,0
80,51,25,21,62,88,901,1
63,38,18,1,148,79,41969,0
17,57,28,48,155,17,15340,0
66,68,25,12,84,84,8317,1
94,65,26,3,192,114,36304,1
95,52,41,24,177,54,13422,0
24,28,18,20,109,196,24166,1
60,57,4,6,124,37,30538,0
29,51,7,44,7,194,17234,1
25,41,10,44,113,68,33583,1
62,48,35,7,8,34,5880,0
52,27,26,30,97,73,30479,1
43,42,47,1,10,97,19651,1
23,61,42,3,182,42,24398,0
21,31,39,39,142,13,29810,0
15,53,21,12,179,71,18005,0
27,46,18,42,181,42,32860,0
63,61,44,6,92,50,14037,0
25,36,16,28,29,117,38904,1
48,37,1,49,56,57,10093,0
73,46,40,11,49,61,35307,0
35,69,18,43,155,108,14877,1
64,53,43,7,31,186,18302,1
45,41,32,19,159,107,36314,1
25,54,26,14,18,21,34834,0
68,25,38,3,103,71,2340,0
68,59,47,38,151,110,41183,1
73,54,0,11,159,170,2045,1
62,37,20,8,78,158,8036,1
46,45,44,31,84,34,8866,0
37,51,9,14,139,49,28422,0
18,27,30,2,68,196,23161,1
56,38,31,6,102,27,47188,0
40,57,44,34,119,99,1110,1
95,51,27,8,133,10,4419,0
94,46,36,41,90,44,9909,1
31,44,28,12,53,164,49834,1
62,62,12,9,196,158,11869,1
40,65,37,39,5,167,38700,1
26,54,18,30,194,140,10724,1
45,63,49,16,66,92,45754,1
83,34,10,46,53,71,23431,1
40,32,30,31,16,193,37501,1
11,56,45,25,164,120,21075,1
20,45,24,16,79,146,37360,1
47,45,32,49,47,153,15184,1
99,47,46,40,183,184,38070,1
46,38,26,18,67,71,14565,0
45,31,14,35,76,16,35240,0
85,56,46,29,80,51,20648,1
30,39,33,25,118,153,37012,1
83,42,36,26,102,126,36686,1
53,40,49,27,54,69,1930,1
97,53,21,13,11,72,49450,0
88,56,31,3,195,82,34228,0
12,29,19,12,134,136,38129,1
68,26,4,15,155,198,2427,1
15,61,37,44,162,189,17178,1
12,58,17,32,29,152,26415,1
99,29,40,43,63,95,26315,1
26,42,16,23,195,112,24173,1
38,37,33,24,96,106,39172,1
55,35,45,30,123,64,30015,1
12,46,27,5,117,104,10135,1
97,28,0,43,157,78,4932,1
90,63,19,27,93,50,9159,0
95,41,49,30,0,44,22821,1
99,57,26,22,61,189,20032,1
17,40,7,19,54,88,49898,0
34,61,2,18,25,10,29389,0
68,66,7,32,62,74,5889,0
20,37,1,28,68,119,15300,1
58,55,29,43,43,81,35505,1
48,26,35,15,50,46,8969,0
86,50,19,33,176,135,45672,1
67,34,18,31,112,11,30379,0
38,44,12,24,194,175,31184,1
20,58,26,20,58,94,36778,1
44,32,16,41,51,165,41460,1
14,47,10,29,55,190,12991,1
94,32,25,3,107,25,28479,0
73,38,6,31,52,32,43729,0
86,63,29,43,12,67,11976,1
43,60,3,8,34,157,46750,1
92,55,25,1,19,20,34358,0
81,62,32,1,39,193,37306,1
97,61,18,48,62,123,29550,1
13,46,15,35,136,106,49476,1
75,45,9,47,14,21,21160,0
67,51,38,11,65,11,26814,0
28,66,6,3,155,156,27619,1
99,25,4,19,182,23,29041,0
25,36,13,15,155,81,15814,0
78,26,43,14,60,89,12502,1
28,31,11,20,165,19,11926,0
77,47,16,9,21,43,42150,0
26,45,10,1,9,31,12310,0
36,68,16,48,142,161,44338,1
84,48,45,15,176,90,5071,1
16,55,33,30,62,0,25798,0
38,34,37,25,133,104,21725,1
86,25,14,14,150,155,44507,1
56,27,29,27,91,69,33350,1
34,30,43,36,72,64,21994,1
11,48,1,26,102,134,49231,1
32,57,33,18,14,154,28265,1
96,32,12,2,191,48,12429,0
92,33,10,22,163,125,26507,1
72,58,41,16,142,151,10445,1
47,25,39,10,197,104,24509,1
23,61,46,17,87,111,34133,1
54,34,13,17,172,91,47597,1
53,43,25,26,173,126,8166,1
67,49,19,28,101,188,11039,1
97,33,47,29,165,145,39133,1
74,49,30,3,15,44,25515,0
21,29,43,21,93,181,44098,1
45,51,22,3,78,129,38723,1
99,44,17,13,178,10,27796,0
50,30,18,0,96,11,24364,0
79,44,1,30,104,8,930,0
11,64,29,5,4,159,32276,1
50,65,33,24,57,44,47363,0
41,42,12,8,75,80,20501,0
50,64,4,31,133,71,11450,0
21,69,5,18,145,133,21991,1
39,28,37,46,64,20,35248,0
20,68,17,21,170,44,43854,0
29,29,4,47,32,87,21529,1
80,50,38,21,24,53,11280,0
92,50,30,39,121,70,32529,1
58,36,35,23,136,125,29910,1
98,34,10,47,122,112,46435,1
26,49,10,25,126,42,6130,0
25,57,30,10,111,124,45050,1
80,32,35,12,165,152,38717,1
44,36,28,41,165,178,25263,1
48,51,33,11,64,55,30966,0
44,39,11,43,133,175,11509,1
73,66,7,0,196,165,22506,1
14,33,14,41,157,142,20209,1
27,69,9,23,62,70,30824,0
70,38,1,22,144,164,5744,1
77,41,34,18,198,8,1678,0
29,37,37,47,48,85,42399,1
73,41,11,47,192,51,30327,0
79,69,30,32,127,0,24068,0
96,34,23,36,67,188,659,1
55,32,49,2,3,49,29456,0
45,58,8,46,128,57,1244,0
73,58,41,0,172,109,20289,1
71,26,48,20,129,4,23521,0
85,58,6,27,155,104,22028,1
31,34,42,43,78,72,34794,1
36,59,47,31,17,135,32788,1
71,47,4,42,151,173,30605,1
87,69,31,39,92,85,43956,1
87,66,0,48,83,91,45189,1
66,38,30,48,147,160,17532,1
86,27,25,27,49,187,43034,1
50,28,12,32,119,10,43102,0
81,62,42,28,28,154,34913,1
16,46,22,8,120,68,48327,0
74,31,24,37,91,98,40799,1
82,36,34,47,34,60,11344,1
30,36,4,2,199,75,29943,0
84,63,31,19,44,2,25363,0
34,26,42,29,59,76,29173,1
87,34,8,24,104,125,19770,1
52,53,47,26,158,24,14910,0
66,55,4,42,71,84,37702,1
64,43,28,16,98,136,20349,1
21,65,29,38,199,82,48163,1
59,46,31,43,181,199,46119,1
36,59,19,3,129,106,2244,1
80,43,30,20,4,113,29767,1
41,65,48,8,68,99,6469,1
87,56,13,4,184,46,42388,0
50,42,6,47,68,128,25407,1
92,62,14,46,65,119,13724,1
98,44,15,16,36,197,31002,1
26,52,46,40,109,63,8652,1
53,58,4,36,61,95,10512,1
90,52,47,32,170,191,48837,1
59,52,12,3,179,60,46634,0
34,36,34,33,148,164,8923,1
26,61,34,4,173,148,23049,1
54,60,21,41,166,41,21188,0
69,37,27,33,176,31,13670,0
41,38,36,2,17,67,48071,0
52,59,46,45,1,74,41581,1
28,47,26,43,194,158,3422,1
13,62,44,48,98,15,40074,0
16,32,37,4,73,142,43122,1
95,52,31,9,84,108,32246,1
63,34,21,41,160,159,27193,1
15,46,21,44,136,141,28104,1
48,61,40,13,148,164,27987,1
33,26,44,19,60,54,5229,0
66,45,3,10,136,191,26064,1
70,38,15,5,173,144,11599,1
58,46,13,41,17,167,25004,1
33,31,27,21,18,194,20997,1
51,44,20,12,21,76,3658,0
25,54,30,22,111,30,14338,0
75,59,18,25,44,89,27804,1
39,45,37,24,6,78,21739,1
14,50,44,34,71,140,47227,1
23,31,21,44,3,17,36950,0
55,50,16,12,71,122,18573,1
40,32,11,0,33,136,48894,1
43,50,40,14,12,146,11889,1
25,65,10,28,198,77,33407,0
61,69,17,26,102,179,33723,1
37,49,43,28,163,7,14350,0
20,27,22,43,82,4,5792,0
29,42,41,11,192,162,43647,1
89,42,0,29,74,33,1199,0
87,52,14,47,139,140,40355,1
40,51,2,35,118,23,26622,0
10,63,46,24,174,23,11128,0
52,56,45,13,130,84,10748,1
67,68,4,48,63,88,44586,1
45,39,46,49,6,117,45358,1
86,40,1,8,123,80,18941,0
11,32,29,12,133,111,9834,1
92,49,12,22,120,119,13360,1
77,34,7,35,49,2,37187,0
81,62,49,14,141,8,43634,0
36,39,1,0,69,24,43963,0
93,41,21,27,160,168,37986,1
43,50,10,48,10,44,49701,0
52,26,37,39,116,155,31159,1
10,32,38,2,194,72,12620,0
71,65,45,11,183,133,24208,1
71,68,44,45,26,160,35420,1
19,55,8,42,31,12,28622,0
81,49,48,18,37,154,670,1
24,31,34,45,190,132,21930,1
47,42,13,22,134,65,47966,0
35,29,0,9,188,124,20862,1
15,61,35,11,137,150,2923,1
19,67,46,41,104,49,24652,1
42,53,15,39,76,132,7063,1
57,32,6,28,31,156,44236,1
98,58,46,10,69,187,37920,1
59,36,22,28,135,73,9856,1
89,31,4,37,50,186,38347,1
87,48,43,44,35,126,46759,1
31,48,42,17,92,78,12360,1
49,57,30,2,12,64,3579,0
92,64,28,22,170,109,7527,1
74,33,3,15,15,91,36036,0
63,65,13,27,16,168,10321,1
27,63,29,27,122,23,34296,0
10,36,3,41,33,169,42630,1
29,56,25,2,179,22,24727,0
99,51,19,37,133,43,46385,0
41,54,32,14,145,105,2039,1
19,32,15,3,24,2,37649,0
54,42,11,46,43,189,6124,1
53,54,33,39,10,174,5805,1
28,27,13,24,128,199,6698,1
11,31,2,13,36,184,30683,1
37,64,27,10,1,147,10872,1
23,42,24,34,168,28,12695,0
19,26,8,12,76,141,38683,1
29,30,17,36,137,11,13800,0
85,52,19,25,75,49,8424,0
23,63,21,13,135,161,3490,1
65,31,19,48,194,47,8598,0
48,38,9,11,7,169,32862,1
41,31,3,8,101,14,26456,0
24,27,14,21,156,54,32548,0
82,38,4,19,43,110,31577,1
25,54,7,28,32,196,16491,1
19,69,12,44,46,28,40721,0
93,47,35,22,92,164,40282,1
64,46,3,0,111,85,39974,0
43,26,4,10,159,52,34358,0
57,64,11,20,52,180,10777,1
37,56,9,13,164,91,29984,0
40,29,45,43,44,129,28320,1
83,68,3,23,28,78,42914,0
70,63,36,11,13,18,5766,0
74,40,8,26,74,99,26602,1
19,47,44,33,112,92,40411,1
68,38,33,1,114,141,5277,1
67,64,0,16,198,86,5353,0
63,58,10,28,143,58,9439,0
66,36,24,30,96,34,15065,0
18,58,44,37,38,195,38346,1
86,46,1,4,78,136,10929,1
53,25,41,29,5,87,39124,1
89,37,6,18,47,34,5601,0
57,46,41,39,167,51,2196,1
26,25,6,22,69,98,30318,1
33,50,38,13,114,124,31717,1
36,32,46,17,132,40,45781,0
10,68,24,39,53,28,14064,0
58,60,25,24,59,85,47290,1
18,60,8,35,169,5,3715,0
76,55,39,4,113,11,45618,0
20,61,11,36,88,160,23476,1
48,34,13,47,113,66,6076,1
80,37,24,38,82,85,46550,1
65,34,29,42,86,166,24657,1
87,53,42,34,193,163,38778,1
50,51,44,10,19,95,1434,1
19,32,7,28,169,9,7165,0
27,50,35,18,51,195,34116,1
71,31,36,3,13,134,46217,1
80,41,44,26,56,51,11269,1
43,29,43,8,191,56,18252,0
61,67,3,24,22,82,43475,0
34,41,27,12,149,83,25605,1
50,60,2,22,62,93,2514,0
26,25,26,16,188,172,2875,1
17,55,20,2,30,80,26659,0
47,40,8,26,104,186,8359,1
95,57,35,12,54,153,47009,1
70,39,7,3,151,117,49726,1
63,34,20,20,83,153,30030,1
59,41,22,37,181,34,38650,0
16,60,0,23,178,5,10575,0
13,26,0,10,28,12,43771,0
68,25,49,40,44,94,4856,1
45,39,16,41,123,27,38852,0
56,34,2,0,54,41,29873,0
18,31,26,4,115,27,18379,0
55,46,19,30,30,33,16168,0
77,63,0,21,179,60,15182,0
92,43,4,24,30,175,47927,1
70,47,25,0,150,122,35925,1
81,67,7,1,0,154,48317,1
37,65,30,5,66,38,16319,0
24,26,22,11,199,15,3385,0
46,54,11,49,30,39,2592,0
55,62,8,32,2,73,12870,0
42,45,5,29,39,152,14551,1
24,40,5,32,130,18,17504,0
26,57,27,8,9,47,27962,0
99,54,14,45,191,152,22443,1
34,31,9,38,13,11,46347,0
56,31,20,34,30,68,33167,1
80,46,40,23,110,101,24078,1
77,50,16,33,174,62,46159,0
53,26,14,1,47,185,5516,1
90,60,46,47,33,67,44104,1
44,38,26,13,115,124,31798,1
28,57,49,10,116,123,5553,1
99,69,17,26,63,51,15276,0
56,39,36,36,140,173,25419,1
96,37,48,33,176,92,46571,1
52,66,1,17,193,165,36592,1
67,60,13,18,53,46,16072,0
25,45,11,33,51,22,49624,0
29,50,30,33,21,111,9875,1
57,49,4,30,44,191,36019,1
94,47,6,33,5,51,47459,0
95,53,12,39,89,161,823,1
85,45,2,34,34,186,41896,1
42,63,41,49,24,149,38085,1
76,61,20,27,11,106,2452,1
12,32,10,7,49,74,48500,0
15,41,39,29,7,191,9305,1
28,46,19,27,54,21,41036,0
35,39,28,27,185,96,6398,1
27,54,38,48,191,86,43996,1
76,48,24,39,167,132,15329,1
40,58,24,25,23,77,27862,1
20,56,24,46,70,88,16330,1
62,55,48,39,173,120,6439,1
52,27,6,16,95,159,11879,1
54,67,0,45,72,179,47204,1
10,44,27,49,119,176,28163,1
12,47,28,39,40,189,36650,1
11,27,9,44,123,36,34223,0
67,50,17,5,159,49,14375,0
52,31,4,41,19,66,25880,0
92,29,44,11,39,100,1703,1
11,27,23,33,157,180,754,1
73,39,10,27,188,34,47592,0
64,51,7,38,46,88,24174,1
15,49,49,31,18,102,16993,1
51,56,30,49,166,9,38880,0
84,57,25,23,12,189,6380,1
64,25,39,26,31,194,48138,1
99,35,5,14,4,160,7697,1
47,38,4,7,72,13,1943,0
67,52,42,11,122,197,16994,1
11,56,39,45,169,125,12447,1
33,46,14,0,68,51,40255,0
88,49,7,12,169,114,47759,1
15,32,42,17,6,125,10144,1
43,32,42,42,91,91,18407,1
42,47,19,16,115,143,17604,1
53,29,38,8,0,9,22769,0
86,59,11,0,117,79,34920,0
94,43,7,36,198,2,34769,0
68,57,46,4,21,152,10013,1
83,64,20,47,23,63,8889,1
22,39,5,5,84,118,48229,1
22,34,46,39,164,87,13927,1
34,47,28,20,145,24,1136,0
52,52,29,14,127,35,26443,0
36,42,32,26,53,151,19864,1
99,41,49,27,106,37,30355,0
16,51,1,38,167,181,36815,1
89,25,12,28,15,170,11444,1
75,48,25,27,42,126,39346,1
57,46,5,47,141,108,6946,1
84,29,45,8,46,113,43681,1
57,68,13,21,137,43,5284,0
39,30,38,34,75,76,38455,1
73,32,29,27,82,136,47621,1
48,64,37,24,169,14,19598,0
45,56,16,28,68,181,10827,1
87,61,13,46,154,163,44667,1
94,68,47,10,75,28,24095,0
99,35,11,31,163,5,42282,0
28,34,38,20,79,114,43022,1
62,37,5,34,80,78,7218,0
93,50,34,36,122,40,35328,0
74,37,33,14,28,140,33206,1
33,55,7,41,152,191,14378,1
85,32,16,11,165,177,49153,1
46,44,28,32,121,127,49163,1
71,58,26,8,183,38,3606,0
46,33,20,44,15,192,19025,1
24,25,11,41,144,137,45682,1
99,47,6,28,14,5,27552,0
34,62,44,36,77,27,38804,0
52,43,17,9,33,71,33436,0
31,50,5,14,143,29,5095,0
11,40,36,4,88,81,27570,1
33,34,21,9,62,37,5179,0
84,33,6,44,68,121,21874,1
84,50,42,48,188,94,8123,1
32,53,41,6,184,162,6388,1
10,38,24,5,84,119,12915,1
30,31,9,45,132,112,9849,1
98,65,29,3,198,113,2227,1
95,34,7,38,122,105,43885,1
68,40,36,24,165,128,46631,1
45,66,20,24,53,147,40824,1
88,43,34,19,173,83,26093,1
48,56,16,32,135,76,43015,1
66,55,36,37,71,116,31538,1
71,39,29,38,34,177,43222,1
76,29,21,47,106,41,2440,0
62,40,22,45,26,134,43919,1
98,43,10,2,3,183,28533,1
74,37,25,20,72,17,39180,0
29,37,16,48,43,187,24653,1
55,36,2,30,123,11,15368,0
97,42,22,7,120,102,20912,1
51,59,31,0,58,59,19356,0
99,42,1,19,182,160,5904,1
48,65,13,37,97,51,46490,0
47,32,13,15,140,161,38878,1
85,68,45,29,165,195,9038,1
74,31,31,21,32,56,11030,0
92,57,4,20,19,165,14258,1
87,40,12,27,174,83,31780,1
24,46,44,24,134,21,10450,0
22,53,29,41,96,86,10515,1
65,58,25,4,69,4,8241,0
80,47,35,24,118,27,18911,0
45,40,22,23,168,122,27156,1
21,64,15,30,189,134,18715,1
96,60,44,4,188,106,5206,1
73,34,11,35,9,95,18254,1
94,58,8,22,148,88,822,0
21,28,39,34,172,193,36827,1
54,41,10,21,94,103,25372,1
81,63,44,18,122,199,35447,1
33,57,42,1,95,165,15294,1
31,63,12,13,130,48,22917,0
83,36,27,29,199,101,30642,1
55,37,47,42,91,121,12430,1
29,27,33,21,13,76,49732,1
64,38,28,37,95,105,41691,1
50,32,25,14,27,73,46035,0
86,47,39,22,99,55,14422,0
44,41,4,22,98,46,47747,0
80,60,5,24,188,4,49610,0
31,29,45,31,16,18,36867,0
36,58,9,8,155,76,47848,0
25,64,8,41,108,93,26586,1
12,44,32,47,58,110,44004,1
86,61,33,31,185,26,3717,0
26,45,33,49,64,187,11083,1
79,46,26,37,99,15,44809,0
92,39,26,28,36,120,10190,1
48,35,24,18,121,15,1489,0
35,32,14,43,158,193,30886,1
88,37,47,48,180,33,9801,1
45,57,29,17,0,70,8294,0
53,69,44,19,43,130,31080,1
31,40,49,18,125,43,26028,0
48,63,2,28,92,157,41751,1
55,34,29,44,39,193,21985,1
35,68,4,38,135,95,9734,1
34,36,45,29,55,54,49586,1
22,58,41,30,176,142,36692,1
71,32,46,0,145,5,39461,0
52,31,21,10,30,154,46095,1
81,42,29,42,169,18,15451,0
35,30,8,36,184,159,29815,1
52,38,11,13,158,41,25258,0
41,60,33,29,95,33,3273,0
82,34,3,43,118,142,22803,1
65,39,12,14,31,75,6617,0
42,54,41,45,117,158,38662,1
28,45,40,47,168,130,7145,1
54,48,21,47,169,12,1885,0
34,66,20,14,53,26,17754,0
88,32,33,32,35,153,9456,1
86,65,26,1,168,113,26118,1
59,54,37,8,9,78,34752,1
20,29,12,23,78,160,14482,1
13,43,34,22,46,130,5379,1
84,52,36,20,131,174,7540,1
15,29,41,7,184,128,35814,1
14,44,40,10,147,172,11479,1
79,31,19,0,198,164,17564,1
59,36,16,47,113,36,46645,0
87,39,37,10,94,51,44581,0
12,51,32,14,73,189,8990,1
62,40,8,0,194,109,34247,0
62,53,4,21,73,153,35150,1
52,62,19,39,150,182,24146,1
54,66,39,3,154,9,17849,0
38,59,17,13,75,98,4045,1
51,43,46,22,176,100,26932,1
93,45,7,18,161,87,44469,0
66,29,26,6,160,130,1095,1
74,34,27,25,2,167,1586,1
78,38,48,48,195,28,39838,1
22,34,26,18,158,78,11318,1
85,37,15,32,101,145,2234,1
25,58,12,21,29,149,18530,1
21,52,36,38,65,182,6722,1
18,31,38,35,36,11,33886,0
55,46,43,45,125,53,30496,1
57,35,10,0,35,85,47136,0
61,54,24,28,16,171,12208,1
37,34,30,32,39,51,11596,0
67,61,29,24,86,76,33464,1
81,49,47,49,187,174,2280,1
58,33,17,46,70,85,21109,1
67,49,47,25,198,2,29387,0
19,62,6,30,137,110,34671,1
79,28,32,49,165,65,14888,1
20,41,8,45,42,55,28348,0
18,66,10,33,127,166,6175,1
72,31,10,36,71,69,35834,0
57,27,47,32,169,141,5553,1
21,28,33,6,137,0,38253,0
11,62,29,15,78,166,39246,1
77,58,3,21,44,160,1142,1
58,56,23,7,177,89,44138,0
92,44,5,3,60,133,29605,1
35,28,7,48,100,108,49533,1
74,67,26,4,169,29,7678,0
60,51,11,24,118,92,22570,1
24,40,21,33,191,114,9337,1
92,35,45,12,37,45,21799,0
72,44,27,0,93,129,24319,1
54,52,26,47,137,100,16266,1
89,37,1,26,196,57,29557,0
28,44,24,42,134,93,30550,1
93,33,13,8,196,148,14984,1
63,59,47,26,73,136,24202,1
21,51,22,19,132,161,6259,1
70,68,31,5,66,23,3321,0
15,28,21,5,94,59,40621,0
88,42,1,14,12,78,48194,0
88,54,14,41,147,9,25291,0
78,33,35,35,143,111,17993,1
17,48,19,11,50,104,21114,1
86,33,17,35,89,134,13092,1
72,63,26,3,75,150,26163,1
29,56,0,1,140,177,11465,1
33,52,26,46,146,53,29402,1
63,61,39,25,137,171,42631,1
81,53,46,7,118,30,32893,0
36,50,29,18,139,32,28882,0
94,60,10,8,45,128,12546,1
85,49,13,0,9,120,349,1
93,28,13,49,87,114,48395,1
62,41,47,40,111,111,48006,1
69,33,2,35,193,114,49823,1
94,51,5,48,67,90,23500,1
72,42,37,1,49,149,1073,1
46,39,40,32,126,167,16836,1
23,51,19,32,113,12,187,0
43,27,7,24,154,61,24195,0
68,33,32,36,52,80,173,1
71,67,26,48,85,146,12122,1
82,31,12,13,194,121,30930,1
46,40,2,26,190,4,22549,0
99,28,44,20,115,140,29934,1
13,30,30,11,54,5,49649,0
40,29,32,42,163,56,34743,1
20,36,29,36,105,75,38938,1
88,46,30,16,33,116,22284,1
64,64,29,0,73,52,38190,0
65,53,1,41,155,176,9410,1
76,49,6,13,1,3,48243,0
44,59,12,14,199,52,18927,0
40,34,37,10,139,177,43551,1
39,63,24,20,1,38,20691,0
46,28,18,33,152,184,27886,1
68,45,24,36,171,52,10939,0
66,67,47,22,122,141,13664,1
82,57,7,36,76,55,24329,0
71,31,6,40,153,156,33454,1
29,69,15,36,178,32,43858,0
40,60,12,6,105,6,41501,0
39,67,28,13,96,117,23042,1
31,59,14,49,170,74,43593,1
30,51,35,40,134,167,25468,1
74,48,0,46,45,187,27094,1
93,36,29,24,132,37,24008,0
37,30,31,41,110,50,20968,1
95,26,35,2,96,56,15453,0
85,65,4,19,134,11,11768,0
58,40,9,48,9,59,49620,0
35,35,2,1,159,154,3204,1
90,52,20,5,101,59,27542,0
56,45,30,37,174,122,9559,1
29,65,19,41,164,179,9573,1
76,57,21,33,138,143,30572,1
22,32,20,20,82,136,46712,1
21,54,14,7,166,133,19794,1
58,30,35,41,127,62,5995,1
51,37,15,15,73,66,35166,0
72,64,19,3,88,77,3426,0
49,31,35,18,48,130,19883,1
60,31,14,10,137,92,6106,0
17,50,39,46,19,56,30371,1
27,62,3,20,137,149,8162,1
70,61,38,46,119,170,20598,1
87,52,35,15,8,14,17125,0
48,56,46,44,196,51,8740,1
54,67,42,35,64,183,46433,1
28,36,30,48,173,27,8982,0
45,56,1,26,37,91,5576,0
51,41,2,22,70,117,18525,1
55,43,22,18,45,31,24013,0
28,62,42,6,4,30,15343,0
62,59,4,6,82,178,16634,1
19,35,9,6,145,182,33116,1
18,64,18,11,137,19,16033,0
32,41,21,0,15,53,48554,0
28,48,39,35,40,139,2506,1
11,33,15,44,160,47,26217,0
78,64,39,8,34,127,35789,1
52,46,3,3,146,180,1777,1
19,52,16,43,166,134,47162,1
75,52,27,13,105,154,26456,1
96,33,10,40,168,110,33658,1
86,56,36,29,36,128,37882,1
48,53,9,48,198,183,39871,1
24,61,14,42,127,193,26957,1
34,34,17,40,112,56,21581,0
51,28,33,14,7,185,2489,1
22,36,4,21,161,172,49739,1
38,51,44,1,107,118,49711,1
64,60,29,23,113,121,44048,1
83,49,22,20,82,70,36413,0
60,68,3,29,16,26,2922,0
29,62,15,10,16,53,29438,0
66,65,12,49,14,142,49926,1
89,64,6,34,192,132,44744,1
27,60,29,14,192,181,9127,1
60,53,7,33,157,51,19444,0
46,53,32,1,59,72,44758,0
94,44,40,26,151,56,49497,1
48,35,6,34,144,28,30022,0
85,61,7,44,177,133,6742,1
89,62,41,43,64,158,40545,1
95,37,43,43,33,53,43377,1
22,61,37,19,185,185,28785,1
74,31,27,48,79,1,14554,0
55,57,35,37,107,99,5404,1
44,39,32,43,117,141,31304,1
34,34,45,22,8,80,24296,1
19,42,8,27,124,168,46440,1
23,28,30,31,18,110,33583,1
99,34,21,45,192,27,9915,0
26,39,16,45,86,166,7961,1
55,35,11,46,196,38,6582,0
68,55,34,3,86,122,40008,1
79,67,18,6,155,173,6977,1
66,55,41,6,177,172,21979,1
33,62,23,22,56,44,10685,0
99,32,23,12,117,46,23615,0
65,63,18,25,92,191,35734,1
69,40,9,41,166,99,35074,1
45,46,21,45,126,134,47649,1
10,37,16,17,170,87,23499,0
82,29,9,49,4,129,21732,1
70,63,20,34,112,70,28514,1
81,41,24,32,31,120,38138,1
58,53,4,16,138,143,45160,1
66,59,19,26,165,169,20763,1
32,62,38,39,134,132,7990,1
67,34,26,22,22,163,44643,1
79,34,36,19,35,85,28143,1
83,48,36,0,156,11,20822,0
74,68,0,22,188,126,1342,1
85,49,7,14,17,179,5459,1
50,30,15,38,127,90,44861,1
52,53,15,11,173,172,9839,1
15,69,13,34,59,93,49629,1
91,56,38,13,93,19,8548,0
18,66,26,39,13,115,13945,1
49,62,39,7,59,85,7819,1
91,50,27,8,130,44,11654,0
36,47,32,23,49,150,27719,1
38,50,24,17,15,12,673,0
16,44,23,27,60,112,28862,1
20,43,33,43,147,154,11121,1
83,26,7,1,62,7,1911,0
97,55,24,37,48,176,5668,1
90,55,10,49,97,183,42600,1
68,58,12,16,148,81,37952,0
34,33,4,4,69,159,21825,1
98,66,6,21,11,139,702,1
93,69,21,25,158,178,13657,1
26,55,17,16,11,160,33834,1
99,58,31,4,72,82,19546,0
10,43,26,49,172,176,5953,1
24,38,10,32,106,102,35819,1
23,69,40,32,62,156,43504,1
68,27,13,5,123,34,1409,0
18,33,13,49,156,117,49724,1
43,28,14,9,165,182,6918,1
93,67,34,33,189,33,26981,0
66,64,46,33,130,114,9376,1
89,54,4,2,194,7,29697,0
66,54,23,21,75,64,38262,0
36,65,17,5,44,89,696,0
87,36,44,28,78,193,19346,1
49,46,22,14,63,99,48675,1
15,51,27,6,115,86,3677,0
94,49,22,20,143,104,36438,1
76,60,18,41,104,81,5207,1
98,38,8,20,34,22,7847,0
64,49,38,27,66,66,17948,1
86,63,25,20,6,62,27285,0
12,67,45,28,35,194,8299,1
27,47,17,22,10,103,47882,1
93,46,22,42,196,114,14189,1
54,26,16,25,30,182,46796,1
40,63,11,31,143,41,3689,0
84,56,5,49,74,185,16908,1
15,32,46,35,48,185,32431,1
80,26,15,4,183,55,17357,0
74,40,43,3,83,86,12760,1
57,54,3,47,75,14,8138,0
40,57,3,38,126,11,33526,0
17,68,44,4,120,199,47295,1
16,35,35,25,193,148,17530,1
88,59,34,0,181,34,14203,0
69,58,12,42,166,53,13467,0
36,66,33,5,100,140,42334,1
78,58,24,43,52,97,3377,1
32,51,43,27,43,21,37880,0
96,54,5,4,27,84,35552,0
82,48,35,34,73,120,24368,1
31,44,24,1,31,159,32244,1
31,31,40,28,169,143,10201,1
39,33,16,19,8,81,23894,0
68,47,40,41,110,79,6566,1
80,35,39,20,90,48,40012,0
60,37,11,14,95,151,32150,1
41,41,29,30,122,67,15053,1
35,59,23,11,177,21,6331,0
42,52,29,14,50,112,49557,1
68,42,3,20,77,27,7716,0
25,52,45,17,105,182,18878,1
19,52,47,29,127,114,11685,1
77,40,33,27,14,179,49578,1
23,28,27,6,141,140,31141,1
20,42,30,16,129,80,2354,1
69,49,47,41,183,69,35458,1
77,27,42,1,189,192,31747,1
81,49,28,2,79,144,35840,1
60,65,49,36,175,163,1076,1
61,63,40,5,88,63,17578,0
91,50,39,28,118,187,47340,1
35,53,34,15,51,91,18181,1
25,61,32,6,162,75,25441,0
89,48,23,2,11,172,45856,1
48,25,20,14,41,139,5458,1
54,63,30,13,19,119,20090,1
91,36,15,16,152,115,48303,1
54,45,30,0,22,128,49508,1
48,31,35,4,183,138,9116,1
61,36,39,17,120,116,18461,1
17,59,6,29,126,102,48972,1
88,63,40,40,180,101,41457,1
62,29,18,8,154,37,25564,0
49,32,33,2,87,193,49326,1
62,62,39,0,58,3,22243,0
10,36,29,12,107,60,17181,0
69,42,6,12,29,109,18262,1
39,41,23,46,109,136,5635,1
57,66,49,44,158,117,7117,1
46,43,0,2,77,161,19356,1
47,68,27,3,50,121,6563,1
10,42,44,29,166,152,12073,1
13,30,13,25,161,26,7081,0
92,34,34,21,13,168,26283,1
68,62,20,41,60,190,35562,1
88,33,15,47,199,192,21325,1
28,41,25,20,18,106,17075,1
77,56,46,19,80,122,42043,1
91,59,26,38,66,88,9205,1
52,53,13,17,5,28,2100,0
28,49,13,14,100,168,24468,1
85,41,9,39,172,121,14802,1
43,34,43,12,74,160,29566,1
94,42,0,9,142,109,32325,0
39,46,38,47,98,28,34345,0
31,33,17,22,58,110,49938,1
37,52,2,8,197,137,6892,1
13,61,46,48,60,164,15755,1
57,48,48,28,138,0,26944,0
54,43,6,25,59,146,39138,1
43,45,29,41,171,6,33173,0
57,41,43,32,129,23,39467,0
86,32,41,32,114,44,26633,0
81,47,25,18,94,112,16538,1
32,38,2,7,87,68,21390,0
53,58,24,6,192,161,24005,1
72,60,20,26,115,8,5411,0
72,36,32,0,102,102,41168,1
83,56,17,29,193,183,33872,1
69,64,12,29,61,170,23238,1
38,26,8,44,164,133,7059,1
16,49,39,21,153,128,18484,1
55,45,34,6,119,77,5544,0
94,55,1,39,171,148,1681,1
48,34,35,40,93,0,42856,0
92,42,23,18,94,124,12368,1
23,66,48,1,68,146,45818,1
53,28,44,36,151,21,47974,0
81,26,7,37,141,129,18026,1
63,58,40,47,180,29,28940,0
40,46,43,25,173,134,10011,1
20,59,39,47,91,125,28558,1
76,58,34,25,23,25,37648,0
55,45,19,44,188,153,6644,1
10,52,43,15,11,14,33357,0
59,62,38,29,104,72,20997,1
22,57,24,32,178,189,22436,1
75,54,19,31,70,141,40525,1
42,59,45,4,35,155,38678,1
36,62,43,44,177,145,33388,1
72,41,27,1,128,10,44111,0
79,69,40,36,130,177,33902,1
94,42,28,7,106,96,9720,1
11,56,46,0,61,87,26623,1
27,57,28,12,93,160,49536,1
28,41,32,45,40,42,16288,0
57,50,48,24,167,1,5568,0
76,46,22,28,72,107,14753,1
34,41,28,20,52,105,22035,1
46,35,38,33,198,159,3574,1
26,27,35,29,69,25,22862,0
83,47,18,22,14,21,13708,0
97,39,44,16,81,36,38264,0
31,37,48,16,67,151,44038,1
37,41,32,40,144,172,42313,1
22,34,2,24,15,33,42529,0
89,45,39,38,150,91,42650,1
41,49,44,39,91,141,38538,1
39,40,3,27,41,160,21100,1
29,66,24,37,170,34,40030,0
69,69,45,16,120,173,32981,1
21,40,29,2,88,189,48757,1
40,61,20,48,95,82,31356,1
33,49,36,35,155,160,21000,1
49,46,32,39,199,119,1939,1
50,43,6,2,108,2,43183,0
19,32,1,6,91,64,37311,0
15,61,24,33,1,10,13287,0
24,27,25,45,180,71,9603,1
34,27,6,40,133,76,44213,1
25,47,45,6,151,113,29590,1
53,32,38,37,136,44,15137,0
98,46,32,5,134,78,42076,0
80,27,41,27,68,156,13542,1
79,36,17,14,98,121,35841,1
48,67,33,34,141,33,4720,0
75,60,12,2,110,17,3073,0
98,31,38,17,51,41,3369,0
74,47,7,22,186,52,47994,0
16,67,42,22,13,68,17416,1
43,43,48,4,11,128,13805,1
20,29,33,1,9,170,17104,1
19,61,2,20,160,153,38567,1
47,46,6,9,158,154,49102,1
16,68,33,46,18,194,36590,1
98,53,0,48,8,14,32461,0
26,32,4,40,165,94,6752,1
24,55,23,46,74,142,44569,1
30,59,33,35,96,58,37929,1
50,60,39,18,26,11,39425,0
92,37,44,0,20,36,27192,0
53,48,11,20,124,186,46434,1
43,39,42,48,149,83,2387,1
91,26,12,9,178,41,1489,0
71,61,26,46,39,126,784,1
89,50,38,6,167,48,48914,0
89,68,25,32,27,121,7062,1
40,63,7,24,153,37,35432,0
14,63,41,23,52,199,35622,1
88,47,41,17,5,87,26340,1
99,43,33,40,11,27,48576,0
93,37,2,47,156,3,21812,0
10,69,28,10,144,33,46174,0
60,61,45,17,3,7,2846,0
50,40,19,39,70,145,34295,1
67,48,8,42,106,73,20209,1
35,60,42,40,92,127,40355,1
22,44,8,18,17,181,8652,1
48,48,21,12,28,74,9238,0
25,55,38,11,96,140,9656,1
30,39,8,44,187,196,46841,1
36,27,18,45,39,154,24071,1
77,40,9,7,36,39,1073,0
23,35,32,13,132,34,27020,0
44,51,49,48,76,70,24265,1
39,54,45,27,159,102,45938,1
17,37,24,28,48,61,34580,0
46,25,25,1,179,69,43617,0
11,37,30,28,74,120,30906,1
33,46,21,0,186,169,28086,1
18,65,20,29,63,148,47623,1
71,68,20,47,173,44,15418,0
26,69,24,47,91,173,15935,1
45,53,33,24,119,88,31109,1
39,55,5,25,47,170,33023,1
16,48,7,37,41,189,14367,1
16,37,15,49,78,120,3459,1
26,50,31,8,63,87,23484,1
91,32,26,16,121,129,20574,1
12,26,36,22,90,195,9136,1
51,44,33,9,0,88,11349,1
63,62,5,44,6,194,9318,1
87,65,31,45,145,81,4066,1
35,25,13,38,140,168,29231,1
58,60,23,49,140,145,1454,1
97,56,26,44,81,184,34409,1
12,38,41,45,85,196,28326,1
62,51,29,6,102,44,40346,0
13,69,1,15,96,123,29264,1
57,65,4,36,69,45,41554,0
13,38,30,12,184,163,44930,1
14,62,4,41,162,172,31513,1
10,48,23,43,137,55,25818,1
15,69,43,25,60,116,20277,1
87,44,14,21,114,89,46360,1
77,46,43,31,185,92,6714,1
78,30,32,26,123,186,18590,1
51,43,4,34,175,164,39247,1
81,62,22,6,36,42,27253,0
95,37,36,49,146,153,44692,1
91,59,28,29,177,103,31193,1
88,47,26,29,89,67,11365,1
93,55,35,33,187,133,4114,1
53,69,49,48,120,187,12522,1
69,53,40,40,98,190,29206,1
44,59,31,25,184,171,26989,1
70,59,35,24,118,76,39618,1
91,68,21,8,180,114,16263,1
15,30,2,9,7,15,21770,0
28,42,25,18,57,128,39433,1
80,61,4,24,60,117,40547,1
25,35,36,42,75,147,629,1
14,31,21,13,53,42,15715,0
23,55,1,46,99,194,12092,1
98,31,15,44,194,179,35104,1
20,39,30,18,102,116,31972,1
59,52,5,21,191,135,23559,1
47,53,47,14,37,186,26593,1
36,37,21,6,98,143,36271,1
78,25,35,18,155,173,44388,1
18,28,29,36,72,0,11898,0
21,66,42,0,181,30,26826,0
32,40,14,4,198,116,13353,1
94,63,29,41,8,19,33496,0
77,44,9,38,53,27,43664,0
35,46,12,26,15,100,11609,1
72,32,44,29,0,20,1949,0
55,49,36,31,161,133,48947,1
39,49,33,42,97,110,49381,1
83,29,18,40,138,53,26573,0
19,34,0,30,61,1,32684,0
65,69,0,14,167,148,13449,1
95,33,49,27,136,148,37370,1
85,46,41,29,188,176,46516,1
80,58,7,2,179,133,33862,1
85,60,34,36,194,191,21386,1
87,32,40,1,48,48,9824,0
52,64,14,24,145,68,39440,0
24,27,31,12,99,81,13674,1
77,65,42,12,70,39,9782,0
68,29,2,13,143,144,37781,1
20,46,23,32,51,14,43009,0
59,57,35,41,127,108,27384,1
52,36,30,38,42,190,7487,1
99,25,17,36,2,42,40549,0
69,50,45,32,84,58,6582,1
74,42,41,24,27,121,48787,1
68,59,49,42,5,93,8827,1
86,32,2,38,122,85,633,1
19,28,12,17,28,101,33072,1
37,47,32,12,9,179,24590,1
13,35,35,26,53,137,29905,1
72,42,11,40,186,136,20675,1
37,56,45,16,156,158,7315,1
81,68,35,11,75,4,16631,0
52,31,0,28,5,32,41856,0
66,67,8,45,74,14,637,0
47,60,18,4,133,10,37080,0
83,54,24,18,107,104,47865,1
83,30,32,16,29,98,47008,1
67,42,6,23,127,89,19359,0
28,32,36,48,170,3,30352,0
22,52,32,30,27,81,41572,1
32,61,39,25,106,112,21990,1
65,36,49,33,167,18,49127,0
25,57,15,18,82,62,16537,0
22,40,45,35,107,45,21223,1
84,50,32,16,194,100,44718,1
35,46,48,16,96,50,20228,0
53,53,40,29,101,148,40904,1
98,29,46,2,195,134,33499,1
52,28,30,4,137,68,22255,0
85,47,20,26,178,42,26250,0
12,26,16,22,56,72,2103,0
31,68,5,28,143,109,45544,1
55,47,30,49,154,53,5289,1
70,51,19,7,118,136,5229,1
65,50,18,33,90,30,37252,0
65,56,15,44,127,169,38411,1
12,66,11,33,121,143,27832,1
84,59,16,36,89,155,18525,1
24,65,14,29,77,131,911,1
10,49,14,41,48,90,18789,1
83,36,37,0,20,82,17716,0
29,47,22,40,61,65,16970,1
51,64,22,21,94,102,46035,1
38,51,0,33,11,9,7549,0
78,43,41,47,131,89,40301,1
18,30,8,32,28,4,22036,0
94,31,30,31,74,182,181,1
19,56,15,37,86,158,18031,1
43,44,6,8,134,54,24079,0
26,65,9,23,167,171,46804,1
91,28,29,34,37,134,3518,1
79,61,38,37,73,22,32629,0
51,29,24,28,196,61,45063,0
89,43,27,3,22,28,18474,0
31,52,9,3,142,136,38980,1
35,25,35,48,85,71,30176,1
49,48,17,0,173,18,10799,0
55,32,10,3,35,51,43935,0
18,45,14,47,84,133,29411,1
20,30,3,21,165,128,5859,1
67,54,11,1,7,151,40302,1
26,30,27,29,7,127,4729,1
42,30,17,5,194,28,36175,0
98,55,23,0,28,167,46971,1
33,31,49,38,163,20,22765,0
70,49,9,10,72,170,249,1
62,57,24,1,16,154,44004,1
43,55,41,34,35,75,26448,1
27,36,2,43,176,41,42145,0
97,32,35,3,136,106,18403,1
51,61,38,35,128,39,20476,0
46,41,33,13,42,56,27938,0
93,43,21,4,35,56,30694,0
58,48,8,31,132,152,29646,1
61,26,40,21,69,92,43268,1
20,67,23,6,146,194,37048,1
88,52,18,26,1,51,31883,0
18,55,14,47,23,180,28510,1
58,42,12,6,24,104,10418,1
99,49,28,8,9,1,29008,0
83,39,48,42,170,153,37866,1
24,60,6,41,54,10,3737,0
45,33,19,10,1,39,32941,0
65,67,5,36,180,86,36628,1
99,49,43,28,110,122,40506,1
32,62,44,27,114,189,35346,1
32,32,5,46,44,140,38253,1
37,49,6,8,92,17,32058,0
34,62,33,20,197,101,20504,1
98,68,37,41,187,111,3412,1
45,29,48,38,159,159,8238,1
45,57,16,5,170,135,21893,1
27,65,41,10,22,152,38531,1
54,26,37,6,28,175,33142,1
48,28,46,29,199,129,27405,1
10,62,37,28,192,43,26292,0
70,39,33,20,180,165,7173,1
29,66,42,44,19,30,6165,0
46,43,31,19,113,190,6712,1
25,66,47,12,41,120,31804,1
64,54,22,17,7,40,44397,0
17,44,21,24,1,195,32685,1
25,69,25,18,186,191,13494,1
97,37,9,18,179,168,22940,1
95,25,29,10,119,57,2861,0
35,58,39,43,171,102,39867,1
75,69,13,23,71,197,22089,1
58,60,17,48,105,195,5656,1
